1;star Tankstelle;STAR;Listlandstrasse;16;25992;List;55.01589;8.42953
2;Esso Tankstelle;ESSO;TRIFT 2; ;25980;WESTERLAND;54.907468;8.308741
3;SYLT, TRIFT;Shell;TRIFT 7;"";25980;SYLT;54.9044;8.3107
4;DEXX-Station 188;DEXX;Dorfstr. ;19;25927;Aventoft;54.9013;8.82281
5;team Tankautomat Hesbüll;Raiffeisen;Raiffeisenstr.;1;25927;Hesbüll;54.9009;8.81069
6;Aral Tankstelle;ARAL;Keitumer Landstraße;"";25980;Sylt-Ost;54.9004021;8.339205
7;team Tankautomat Süderlügum;team;Hauptstr.;16;25923;Süderlügum;54.8708;8.90684
8;ELAN Suederluegum;ELAN;HAUPTSTR.;4;25923;SUEDERLUEGUM;54.8692;8.90622
9;OIL! tank & go Automatentankstelle Ladelund;OIL!;Dorfstraße 24;;25926;Ladelund;54.8404;9.02778
10;AVIA Tankstelle;Freie Tankstelle;An der B 5;"";25923;Braderup;54.834126;8.889995
11;OIL! Tankstelle Glücksburg;OIL!;Flensburger Str. 15 B;;24960;Glücksburg;54.8272;9.53672
12;star Tankstelle;STAR;Fördestrasse;80;24944;Flensburg;54.81668;9.47424
13;team Tankautomat Medelby;team;Hauptstr.;36;24994;Medelby;54.813;9.17229
14;OIL! Tankstelle Flensburg;OIL!;Apenrader Str. 109;;24939;Flensburg;54.8086;9.42204
15;OIL! Tankstelle Flensburg;OIL!;Osterallee 207;;24944;Flensburg;54.8032;9.48798
16;FLENSBURG, MUERWIKER STR;Shell;MUERWIKER STR. 120;"";24943;Flensburg;54.8031;9.4563
17;Martin Kriese;SHELL;Kielseng;1;24937;Flensburg;54.80138;9.44182
18;FLENSBURG, HARRISLEER STR;Shell;HARRISLEER STR. 98;"";24939;Flensburg;54.7991;9.41227
19;Flensburg (24944), Schottweg  96;team;Schottweg ;96;24944;Flensburg;54.799;9.47569
20;CLASSIC Langballig;CLASSIC;Poststr.;5;24977;Langballig;54.7976;9.63537
21;Aral Tankstelle;ARAL;Nordstraße;20;24943;Flensburg;54.79709;9.476214
22;WIKING FL-Nord;WIKING;Neustadt 14;;24939;Flensburg;54.79669;9.42907
23;Poetzsch TankTreff;Sonstige;Industrieweg;40;24952;Harrislee;54.7941;9.37233
24;team Tankstelle Niebüll;team;Gather Landstr.;29-31;25899;Niebüll;54.7912;8.83372
25;bft-willer Station 158;bft;An der Nordstr. ;7;24989;Streichmühle;54.7835;9.67311
26;Tankstelle;UNITOL;Ostring;59;25899;Niebüll;54.781883;8.851878
27;ELAN NIEBUELL;ELAN;BUSCH JOHANNSEN STR.;2;25899;NIEBUELL;54.77996;8.83436
28;Aral Tankstelle;ARAL;Busch Johannsen Straße;2;25899;Niebüll;54.77996;8.83436
29;star Tankstelle;STAR;Marienallee;60;24937;Flensburg;54.77871;9.41456
30;HANDEWITT, AN DER B.;Shell;AN DER B 199 199;"";24983;Handewitt;54.7779;9.32576
31;FLENSBURG, FRIESISCHE STR;Shell;FRIESISCHE STR. 191;"";24937;Flensburg;54.7779;9.41529
32;team Tankstelle Handewitt-Scandinavian Park;team;Scandinavian Park;1;24983;Handewitt;54.7776;9.33409
33;team Tankautomat Handewitt;team;Scandinavian Park;;24983;Handewitt;54.7776;9.33409
34;OIL! Tankstelle Flensburg;OIL!;Husumer Straße 29;;24941;Flensburg;54.7775;9.43135
35;Flensburg (24941), Am Friedenshügel 39;team;Am Friedenshügel ;39;24941;Flensburg;54.7758;9.40773
36;Aral Tankstelle;ARAL;Husumer Straße;30;24941;Flensburg;54.7750359;9.426041
37;star Tankstelle;STAR;Lilienthalstrasse;4;24941;Flensburg;54.77443;9.39436
38;CLASSIC Leck;CLASSIC;Flensburger Str.;2;25917;Leck;54.77;8.97692
39;team Tankstelle Handewitt ;team;Raiffeisenstr.;3d;24983;Handewitt;54.7691;9.3242
40;OIL! Tankstelle Flensburg;OIL!;Liebigstr. 10 A;;24941;Flensburg;54.767;9.42596
41;ELAN Leck;ELAN;FLENSBURGER STR.;37;25917;LECK;54.765602;8.979036
42;bft-willer Station Husby 160;bft;Flensburger Str.;37;24975;Husby;54.7648;9.57835
43;Flensburg (24941), Marie-Curie-Ring 45;team;Marie-Curie-Ring;45;24941;Flensburg;54.7631;9.44895
44;team Tankautomat Flensburg;team;Sophienhof;2;24941;Flensburg;54.7626;9.4144
45;WIKING FL-Süd;WIKING;Lise-Meitner-Str.;31;24941;Flensburg;54.760808;9.436532
46;Aral Tankstelle;ARAL;Hauptstraße;61;24980;Schafflund;54.760746;9.176394
47;Aral Tankstelle;ARAL;An der B;5;25920;Risum-Lindholm;54.7602;8.878096
48;FLENSBURG, OCHSENWEG.;Shell;OCHSENWEG 18;"";24941;Flensburg;54.756315;9.402028
49;Steinbergkirche, Nordstr 4;SB;Nordstr 4;"";24972;Steinbergkirche;54.7544;9.760945
50;star Tankstelle;STAR;Nordstraße;6-8;24395;Gelting;54.74674;9.89105
51;bft-willer Station 176;bft;Dorfluecken ;9;25917;Stadum;54.7417;9.05502
52;star Tankstelle;STAR;An der B;5/15;25920;Stedesand;54.74052;8.92896
53;Tankcenter Enge-Sande;Tankcenter;BUNDESSTR.;14;25917;ENGE-SANDE;54.736248;8.945349
54;WIKING Sterup;WIKING;Flensburger Str. 6;;24996;Sterup;54.728447;9.736115
55;team Tankstelle Sörup;team;Flensburger Str.;73;24966;Sörup;54.7221;9.66057
56;Albert Borowski;NORDOEL;Hauptstraße;7;24969;Großenwiehe;54.704643;9.24794
57;WIKING Großenwiehe;WIKING;Hauptstraße;7;24969;Großenwiehe;54.70461;9.2482
58;Andreas Lorenzen;24h Tankstelle am Wyker Hafen;Achtern Diek;4;25938;Wyk auf Föhr;54.6951;8.574
59;KARO Tankstelle;frei;Bundesstr. ;36;24988;Oeversee;54.69366;9.43133
60;team Tankstelle Wanderup;team;Flensburger Str.;22;24997;Wanderup;54.6929;9.3328
61;24h Tankstelle;"";Achtern Diek ;4 ;25938;Wyk auf Föhr;54.692398;8.570682
62;Freie Tankstelle Nieblum;;Kertelhein Allee;2;25938;Nieblum /Föhr;54.692244;8.489156
63;star Tankstelle;STAR;Boldixumer Straße;20-22;25938;Wyk;54.69214;8.56478
64;team Tankstelle Satrup;team;Schleswiger Str.;8;24986;Satrup;54.6914;9.60376
65;AVIA Tankstelle;AVIA;Schrepperie;16;24402;Esgrus;54.690613;9.826692
66;team Tankstelle Langenhorn;team;An der B5;13;25842;Langenhorn;54.685;8.95471
67;bft-willer Station 175;bft;An der B5;14;25842;Langenhorn;54.6824;8.95673
68;OPEL Martensen;;Hauptstraße;1;25862;Goldelund;54.678659;9.108179
69;bft - Kappeln;bft;Nordstr.;3;24376;Kappeln;54.6652;9.92071
70;Freie Tankstelle Ockholm;Freie Tankstelle;Bäderstraße ;14;25842;Ockholm;54.664945;8.82064
71;Aral Tankstelle;ARAL;Nordstraße;3;24376;Kappeln;54.6649323;9.92095
72;star Tankstelle;STAR;Stapelholmer Weg;11;24963;Tarp;54.66265;9.39919
73;team Tankstelle Tarp;team;Stapelholmer Weg;32;24963;Tarp;54.6606;9.39657
74;Aral Tankstelle;ARAL;An der Bundesstraße;201;24376;Kappeln;54.65925;9.925332
75;Aral Tankstelle;ARAL;Eckernförder Straße;9b;24376;Kappeln;54.657238;9.946128
76;team Tankstelle Süderbrarup;team;team Allee;3;24392;Süderbrarup;54.639;9.76118
77;OIL! Tankstelle Süderbrarup;OIL!;Kappelner Str. 32-34;;24392;Süderbrarup;54.6374;9.7854
78;CLASSIC Süderbrarup;CLASSIC;Kappelner Str. ;2;24392;Süderbrarup;54.6356;9.77775
79;star Tankstelle;STAR;Paulsgabe;1;24992;Großjörl;54.63189;9.25827
80;TOTAL ALTENKIRCHEN;TOTAL;HAUPTSTRASSE;"";18556;ALTENKIRCHEN;54.6317;13.347083
81;star Tankstelle;STAR;Tondernsche Strasse;1-5;25821;Bredstedt;54.62333;8.9596
82;Bredstedt, Herrmannstr. 55;HEM;Herrmannstr.;55;25821;Bredstedt;54.62304;8.966978
83;team Tankstelle Eggebek;team;Stapelholmer Weg;1a;24852;Eggebek;54.6215;9.37943
84;CLASSIC Bredstedt;CLASSIC;Husumer Str.;28;25821;Bredstedt;54.6148;8.97426
85;star Tankstelle;STAR;Schleswiger Straße;17;24860;Böklund;54.59474;9.59668
86;STRUCKUM, AN DER B;Shell;HAUPTSTRASSE 51;"";25821;STRUCKUM;54.5895;8.99395
87;bft-willer Station 152;bft;Eckernförder Str. ;9;24894;Tolk;54.577;9.64186
88;Klaus Hellmuth;SHELL;Ackebroe;6;25884;Viöl;54.56755;9.170144
89;team Tankstelle Jübek;team;Große Str.;57;24855;Jübek;54.5585;9.39529
90;bft-Willer Station 154;bft;Kappelner Landstr.;2;24354;Rieseby;54.5436;9.8229
91;team Tankstelle Rieseby;team;Kappelner Landstr.;2;24354;Rieseby;54.5436;9.82298
92;team Tankstelle Schleswig ;team;Marie-Curie-Str.;;24837;Schleswig;54.5424;9.58023
93;Holger Bäsler;SHELL;Schwansenstrasse;B203;24351;Damp;54.53267;9.89774
94;Supermarkt-Tankstelle am real,- Markt SCHLESWIG FLENSBURGER STR. 61;Supermarkt-Tankstelle am real,- Markt;FLENSBURGER STR. 61;;24837;SCHLESWIG;54.5291;9.52917
95;Esso Tankstelle;ESSO;ST.-JUERGENER-STR. 30; ;24837;SCHLESWIG;54.525309;9.570213
96;Aral Tankstelle;ARAL;Bundesstraße;16(B5);25856;Hattstedt;54.52509;9.027435
97;Schleswig (24837), Flensburger Str. 86;team;Flensburger Str. ;86;24837;Schleswig;54.5241;9.54274
98;bft-willer Station 155;bft;Schwansenstr. ;80;24366;Loose;54.524;9.88764
99;OIL! Tankstelle Sagard;OIL!;Saßnitzer Str. 4;;18551;Sagard;54.5232;13.56
100;Walter Röpcke;NORDOEL;Schubystr.;59;24837;Schleswig;54.52104;9.55727
101;Aral Tankstelle;ARAL;Westring;19;24850;Schuby;54.5196;9.467631
102;Esso Tankstelle;ESSO;HAUPTSTR. 2; ;24887;SILBERSTEDT;54.517778;9.384148
103;team Tankstelle Treia;team;Treenestr.;76;24896;Treia;54.514;9.31014
104;SASSNITZ, STRALSUNDER STR./ B 96;Shell;STRALSUNDER STR./ B 96;"";18546;Sassnitz;54.5131;13.6188
105;star Tankstelle;STAR;Flensburger Strasse;2a;24837;Schleswig;54.51307;9.54694
106;TOTAL SASSNITZ;TOTAL;GEWERBEPARK;3;18546;SASSNITZ;54.5119;13.602088
107;SCHLESWIG, GOTTORFER DAMM.;Shell;GOTTORFER DAMM 2;"";24837;SCHLESWIG;54.511094;9.546436
108;CLASSIC Wester-Ohrstedt;CLASSIC;Hauptstr.;50;25885;Wester-Ohrstedt;54.5087;9.19322
109;star Tankstelle;STAR;Nordseestraße;23;25875;Schobüll;54.50621;9.00767
110;team Tankstelle Schleswig-Busdorf;team;Busdorfer Str.;23;24837;Schleswig;54.4991;9.55278
111;star Tankstelle;STAR;Husumer Baum;37;24837;Schleswig;54.49741;9.53893
112;star Tankstelle;STAR;An der B 76;"";24857;Fahrdorf;54.49547;9.613684
113;HUSUM, ROBERT-KOCH-STR. 28.;Shell;ROBERT-KOCH-STR. 28;"";25813;Husum;54.493131;9.085098
114;Aral Tankstelle;ARAL;Flensburger Chaussee;44;25813;Husum;54.4876442;9.077271
115;SB Tanktreff;Sonstige;Ostlandstrasse;101;24340;Eckernförde;54.48715;9.82259
116;OIL! Tankstelle Husum;OIL!;Bredstedter Str. 2-8;;25813;Husum;54.4863;9.04634
117;bft-willer Station 172;bft;Am Holm ;1;24357;Fleckeby;54.4834;9.70213
118;Hartmut Bruhse;SHELL;Schleswiger Chaussee;90;25813;Husum;54.48263;9.08104
119;BFT Peter Goldschmidt Inh. Kirsten Goldschmidt;"";Nedderweg.;1;25813;Hussum;54.47859;9.0418
120;BUSDORF, WITTGENSTEIN 2.;Shell;WITTGENSTEIN 2;"";24866;BUSDORF SCHLESWIG;54.4774;9.54454
121;star Tankstelle;STAR;Mühlenberg;2;24340;Eckernförde;54.47472;9.83319
122;team Tankstelle Südermarsch;team;Bundesstr.;36;25813;Südermarsch;54.4665;9.05398
123;Aral Tankstelle;ARAL;Flensburger Straße;1;24340;Eckernförde;54.4650459;9.834287
124;JET ECKERNFOERDE BERLINER STR. 21;JET;BERLINER STR. 21;;24340;ECKERNFOERDE;54.463;9.8397
125;bft-willer Station 156;bft;Winnerter Str. ;2;25872;Ostenfeld;54.4618;9.2305
126;Aral Tankstelle;ARAL;Bundesstraße;51(B77);24878;Jagel;54.45948;9.53804
127;star Tankstelle;STAR;Rendsburger Strasse;111;24340;Eckernförde;54.45502;9.83505
128;Landwirtschaftlicher Ein- und Verkauf Ostholstein eG;Raiffeisen;Hauptstraße;61;23769;Fehmarn;54.4525;11.1458
129;Eckernfoerde, Rendsburgerstr. 125;SB;Rendsburgerstr. 125;"";24340;Eckernfoerde;54.4519;9.8327
130;Holger Bäsler;EDEKA;Sauerstr.;1;24340;Eckernförde;54.45112;9.83308
131;Aral Tankstelle;ARAL;Landkirchener Weg;38;23769;Fehmarn-Burg;54.4425049;11.18217
132;Esso Tankstelle;ESSO;LANDKIRCHENER WEG 49; ;23769;BURG;54.44236553;11.18437159
133;Detlef Hagge Gmbh & CoKG;freie Tankstelle;Hauptstraße;24;24869;Dörpstedt;54.441272;9.359579
134;Zingst;ADAP Tankstelle;Zur Wellenwiese;1;18374;Zingst;54.427101;12.6742
135;SB-Markttankstelle Bergen Nonnenseestr.;SB-Markttankstelle;Nonnenseestr.;1;18528;Bergen;54.427101;13.4221
136;Kiel, Seestr. 2;SB;Seestr.2;"";24159;Kiel;54.421944;10.168333
137;BERGEN, RINGSTR.;Shell;RINGSTR. 130;"";18528;BERGEN;54.421357;13.423426
138;OIL! Autohof Witzwort;OIL!;Dingsbülldeich 10;;25889;Witzwort;54.4137;9.04305
139;Kropp (24848), Am MArkt 6;team;Am Markt;6;24848;Kropp;54.412;9.5078
140;OIL! Tankstelle Bergen;OIL!;Stralsunder Chaussee 4;;18528;Bergen;54.4111;13.4258
141;Aral Tankstelle;ARAL;Stralsunder Chaussee;23;18528;Bergen;54.40752;13.4161348
142;TOTAL BERGEN;TOTAL;STRALSUNDER CH.;18;18528;BERGEN;54.40748;13.418115
143;TOTAL BINZ;TOTAL;PRORAER CHAUSSEE;"";18609;BINZ;54.406696;13.597787
144;star Tankstelle;STAR;Klausdorfer Straße;121;24161;Altenholz;54.40597;10.12324
145;bft-Station 157;bft;Hasselrott ;11;24214;Gettorf;54.4058;9.97109
146;Gettorf (24214), Hasselrott  11;team;Hasselrott  ;11;24214;Gettorf;54.4058;9.97109
147;GETTORF, KIELER CHAUSSEE;Shell;KIELER CHAUSSEE 55;"";24214;GETTORF;54.404723;9.993219
148;Aral Tankstelle;ARAL;Koppelberg;1;24159;Kiel-Friedrichsort;54.4034271;10.1662159
149;Kruse-Tank GmbH;Freie Tankstelle;Klausdorfer Str.;93;24161;Altenholz;54.403218;10.120689
150;Esso Tankstelle;ESSO;B96/B196 KREUZUNG BERGEN; ;18528;SEHLEN;54.402733;13.395805
151;bft-willer Station 163;bft;Dorfstr. ;3;25876;Ramstedt;54.4014;9.1715
152;LABOE, BRODERSDORFER WEG.;Shell;BRODERSDORFER WEG 29;"";24235;LABOE;54.4005;10.22948
153;CLASSIC Schönberg;CLASSIC;Albert-Koch-Str.;2;24217;Schönberg;54.3942;10.373
154;BORN, BAEDERSTRASSE 2.;Shell;BAEDERSTR. 2;"";18375;Born;54.3918;12.5419
155;AVIA Tankstelle;AVIA;Bahnhofstraße;50;24811;Owschlag;54.39142;9.5984745
156;Aral Tankstelle;ARAL;Bahnhofstraße;32;24217;Schönberg;54.3887863;10.3731995
157;Hans Heinrich Mundt e.K.;Hans Heinrich Mundt e.K.;Eichkamp;20;24217;Schönberg i.H.;54.3866;10.379
158;Aral Tankstelle;ARAL;An der E;47-Landseite-;23775;Großenbrode;54.3826561;11.09381
159;Aral Tankstelle;ARAL;An der E;47-Seeseite-;23775;Großenbrode;54.382412;11.0935574
160;Esso Tankstelle;ESSO;DAENISCHENHAGENER STR.; ;24161;ALTENHOLZ;54.381213;10.134381
161;AVIA Automatenstation;AVIA;Hauptstr. ;9;24361;Holzbunge;54.379944;9.70755
162;Olaf Passig;NORDOEL;Toenninger Str.  ;1;25840;Friedrichstadt;54.3764;9.102173
163;Friedrichstadt (25840), Tönninger Str. 13;team;Tönninger Str. ;2;25840;Friedrichstadt;54.3758;9.08178
164;bft Tankstelle;bft;Heidbunge;3;24848;Kropp;54.3756;9.54714
165;Holger Bäsler;NORDOEL;Gravensteiner Str.;2;24159;Kiel;54.37336;10.13205
166;team Tankstelle Höhndorf;team;Krummbeker Weg;5;24217;Höhndorf bei Schönberg;54.3733;10.3725
167;OIL! Tankstelle Erhard Kiehl;;Bergstraße;41;23774;Heiligenhafen;54.371987;10.973864
168;CLASSIC Heikendorf;CLASSIC;Dorfstr.;1;24226;Heikendorf;54.3695;10.2019
169;AVIA Tankstelle;AVIA;Sundweg;99;23774;Heiligenhafen;54.365395;11.002373
170;SELLIN/RÜGEN, AN DER B 196.;Shell;AN DER B 196;"";18586;Sellin/Rügen;54.3652;13.7039
171;ALT-DUVENSTEDT, A7 HUETTENER BERGE OST;Shell;A7 HUETTENER BERGE OST;"";24791;ALT-DUVENSTEDT;54.364332;9.67295
172;Aral Tankstelle, BAT HÜTTENER BERGE WEST;ARAL;A;7;24791;Alt Duvenstedt;54.36419;9.670657
173;SAMTENS, BERGENER STR. 13.;Shell;BERGENER STR. 13;"";18573;SAMTENS;54.3618;13.3077
174;Esso Tankstelle;ESSO;AM MASTWEG 25; ;18356;BARTH;54.361358;12.711953
175;famila Tankstelle Kiel Wik;famila Nordwest;Prinz-Heinrich-Str.;20;24106;Kiel;54.3611;10.1299
176;Aral Tankstelle;ARAL;Steenbeker Weg;58;24106;Kiel;54.3557777;10.105031
177;Tankstellengetr.ges.Putbus;Freie Tankstelle Putbus;Bahnhofstr. ;15a;18581;Putbus;54.35519;13.480079
178;TOTAL BARTH;TOTAL;CHAUSSEESTRASSE;79;18356;BARTH;54.353474;12.724514
179;KIEL, WESTRING;Shell;WESTRING 500;"";24106;Kiel;54.3492;10.1262
180;bft Tankstelle;bft;Heikendorfer Weg;79;24248;Mönkeberg;54.3489;10.1879
181;Aral Tankstelle;ARAL;Eckernförder Straße;290;24119;Kronshagen;54.3460846;10.0966263
182;Aral Tankstelle;ARAL;Schönberger Landstraße;135;24232;Schönkirchen;54.338913;10.2219486
183;team Tankstelle Kronshagen;team;Eckernförder Str.;207;24119;Kronshagen;54.3376;10.1063
184;KIEL, KNOOPER WEG;Shell;KNOOPER WEG 170;"";24105;Kiel;54.3363;10.1318
185;bft-willer Station 140 ;bft;Knooper Weg;137-139;24118;Kiel;54.3341;10.1289
186;Esso Tankstelle;ESSO;WESTRING 341 A; ;24118;KIEL;54.33392;10.122363
187;bft-willer Station 131;bft;Gutenbergstr. ;80-86;24118;Kiel;54.3333;10.1142
188;star Tankstelle;STAR;Bankendorfer Weg;1;23758;Gremersdorf;54.3323;10.93325
189;Aral Tankstelle;ARAL;Kieler Straße;114;24119;Kronshagen;54.3321342;10.0784941
190;STRALSUND, HEINRICH-HEINE-RING 71;Shell;HEINRICH-HEINE-RING 71;"";18435;Stralsund;54.330057;13.067873
191;Tönning;Schillhorn Mineralöle GmbH Tönning;Friedrichstädter Chaussee;40;25832;Tönning;54.330001831055;8.9499998092651
192;famila Tankstelle;FAMILA;Schönkirchener Strasse;80;24149;Kiel;54.32964;10.19645
193;star Tankstelle;STAR;Toenninger Straße;12;25836;Garding;54.32947;8.78919
194;OIL! Tankstelle Kiel;OIL!;Brunswiker Straße 46-48;;24105;Kiel;54.329;10.1365
195;Autohaus Suhr Freie TS;Freie Tankstelle;Brunnenstr. ;9a;25774;Lunden;54.3283;9.02966
196;Supermarkt-Tankstelle am real,- Markt RENDSBURG SCHLESWIGER CHAUSSEE 249;Supermarkt-Tankstelle am real,- Markt;SCHLESWIGER CHAUSSEE 249;;24768;RENDSBURG;54.328;9.62531
197;JET STRALSUND HEINRICH-HEINE-RING 98;JET;HEINRICH-HEINE-RING 98;;18435;STRALSUND;54.327694;13.061722
198;Aral Tankstelle;ARAL;Stockholmstraße;2;24109;Kiel;54.3263168;10.0575409
199;JET KIEL OSTRING 500;JET;OSTRING 500;;24148;KIEL;54.32398;10.18849
200;Aral Tankstelle;ARAL;Dreilanden;7;25826;Sankt Peter Ording;54.32388;8.612259
201;Esso Tankstelle;ESSO;HEINRICH-HEINE-RING 127 A; ;18435;STRALSUND;54.321268;13.055673
202;team Tankstelle Rendsburg;team;Friedrichstädter Str.;59-63;24768;Rendsburg;54.321;9.62638
203;Kiel, Skandinaviendamm 301;HEM;Skandinaviendamm;301;24109;Kiel;54.32043;10.051192
204;CITTI Tankstelle;CITTI;Grünhufer Bogen 11-14;;18437;Stralsund;54.320424;13.047691
205;KIEL, ADELHEIDSTR 15.;Shell;ADELHEIDSTR. 15;"";24103;Kiel;54.320271;10.12466
206;Rendsburg (24768), Friedrichstädter Str. 52;team;Friedrichstädter Str. ;52;24768;Rendsburg;54.32;9.62679
207;Esso Tankstelle;ESSO;GARDINGER CHAUSSEE; ;25832;TOENNING;54.319165;8.936057
208;CLASSIC Büdelsdorf;CLASSIC;Holler Str.;106;24782;Büdelsdorf;54.3166;9.68294
209;Esso Tankstelle;ESSO;WERFTSTR. 117; ;24148;KIEL;54.316553;10.160972
210;Aral Tankstelle;ARAL;Klein Nordseer Str.;35-37;24242;Felde-Achterwehr;54.31643;9.95744
211;KIEL, RINGSTR;Shell;RINGSTR. 25;"";24114;Kiel;54.3155;10.1268
212;JET BUEDELSDORF HOLLERSTRASSE 76;JET;HOLLERSTRASSE 76;;24782;BUEDELSDORF;54.3149;9.6767
213;STRALSUND - JACOB-KAISER-STR. 20;Autol;Jacob-Kaiser-Str.;20;18437;Stralsund;54.31398;13.08579
214;RENDSBURG, FLENSBURGER STR.;Shell;FLENSBURGER STR 79;"";24768;RENDSBURG;54.3139;9.6446
215;Aral Tankstelle;ARAL;Ostring;250-254;24148;Kiel;54.3135567;10.1628857
216;Esso Tankstelle;ESSO;KIELER STR. 21; ;24790;SCHACHT-AUDORF;54.313176;9.716693
217;CITTI Tankstelle;CITTI;Mühlendamm 1;;24113;Kiel;54.312189;10.099303
218;Kiel;Hoyer;Winterbeker Weg;44;24114;Kiel;54.3097;10.1076
219;ExpressTank Station-170;Express Tank;Winterbeker Weg;44;24114;Kiel;54.3097;10.1076
220;CLASSIC Erfde;CLASSIC;Landstr.;10;24803;Erfde;54.3095;9.32313
221;bft-willer Station 189;bft;Rendsburger Str. ;8;24787;Fockbek;54.3086;9.61095
222;star Tankstelle;STAR;Rendsburger Straße;17;24787;Fockbek;54.3083;9.60856
223;JET KIEL WERFTSTRASSE 245;JET;WERFTSTRASSE 245;;24143;KIEL;54.3083;10.1386
224;star Tankstelle;STAR;Thormannplatz;1-3;24768;Rendsburg;54.30794;9.6597
225;Aral Tankstelle;ARAL;Fockbeker Chaussee;2;24768;Rendsburg;54.30793;9.648026
226;Aral Tankstelle;ARAL;Schwedendamm;21;24143;Kiel;54.3073578;10.1367292
227;Stralsund, Rostocker Chaussee 37;SB;Rostocker Chaussee 37;"";18437;Stralsund;54.3058;13.0582
228;Wulff Oil;"";Süderende;27;24803;Erfde;54.305278778076;9.3179130554199
229;RENDSBURG, KIELER STR;Shell;KIELER STR. 31 B;"";24768;RENDSBURG;54.3048;9.67841
230;Kiel, Ratzeburger Str. 1;HEM;Ratzeburger Str.;1;24113;Kiel;54.303883;10.129957
231;CITTI Tankstelle Stralsund II;CITTI;Rostocker Chaussee 126;;18437;Stralsund;54.30281;13.02915
232;TOTAL STRALSUND;TOTAL;WERFTSTR.;13;18439;STRALSUND;54.302498;13.100292
233;Aral Tankstelle;ARAL;Wittenduener Allee;11;25826;St Peter-Ording;54.3022423;8.651125
234;AVIA Tankstelle;AVIA;An der Bäderstraße;17;23777;Heringsdorf;54.30166;11.009294
235;KIEL, KONRAD-ADENAUER DAMM;Shell;KONRAD-ADENAUER DAMM 2;"";24143;KIEL;54.300912;10.144222
236;KIEL, HAMBURGER CHAUSSEE.;Shell;HAMBURGER CHAUSSEE 161;"";24113;Kiel;54.300708;10.107911
237;TOTAL Greifswalder Chaussee;TOTAL;GREIFSWALDER CHAUSSEE;122;18439;STRALSUND;54.300594;13.094374
238;Aral Tankstelle;ARAL;Rendsburger Landstr.;205;24113;Kiel;54.3004646;10.0921946
239;star Tankstelle;STAR;Hauptstrasse;34;24806;Hohn;54.29908;9.50368
240;Martensdorf;Hoyer;Am Isinger Berg;3;18442;Martensdorf;54.298901;12.9328
241;star Tankstelle;STAR;Burgtorstrasse;77;23758;Oldenburg / Holstein;54.29882;10.88626
242;Stralsund, Greifswalder Chaussee 7;SB;Greifswalder Chaussee 7;"";18439;Stralsund;54.298117;13.091781
243;STRALSUND, RICHTENBERGER CHAUSSEE;Shell;RICHTENBERGER CHAUSSEE 56;"";18437;STRALSUND;54.2973;13.0596
244;JET KIEL KONRAD-ADENAUER-DAMM 101;JET;KONRAD-ADENAUER-DAMM 101;;24143;KIEL;54.2972;10.1662
245;Aral Tankstelle;ARAL;Konrad-Adenauer-Damm;100;24143;Kiel;54.2969627;10.1648912
246;Osterrönfeld (24783), Kieler Str. 6;team;Kieler Str. ;21b;24783;Osterrönfeld;54.2955;9.70804
247;SCHWENTINENTAL, PREETZER CH.18;Shell;PREETZER CH. 18;"";24222;SCHWENTINENTAL;54.2952;10.2021
248;Esso Tankstelle;ESSO;HINDENBURGSTR. 17; ;24768;RENDSBURG;54.294526;9.663572
249;team Tankautomat Lütjenburg;team;Gieschenhagen;5;24321;Lütjenburg;54.2934;10.5953
250;famila Tankstelle;FAMILA;Am Vossberg;1;23758;Oldenburg / Holstein;54.29229;10.91084
251;LUETJENBURG, OLDENBURGERSTR;Shell;OLDENBURGERSTR. 7-9;"";24321;Lütjenburg;54.29158;10.59687
252;Sönke Mau;NORDOEL;Oldenburger Straße 16;16;24321;Lütjenburg;54.291576;10.597705
253;CLASSIC Osterrönfeld;CLASSIC;Bahnhofstr.;25;24783;Osterrönfeld;54.2912;9.70174
254;Reinhard Matzen Autodienst Selent;NORDOEL;Kieler Str.;29;24238;Selent;54.290974;10.4219055
255;star Tankstelle;STAR;Plöner Straße;30;24321;Lütjenburg;54.28992;10.5858
256;Supermarkt-Tankstelle am real,- Markt SCHWENTINENTAL MERGENTHALER STR. 1;Supermarkt-Tankstelle am real,- Markt;MERGENTHALER STR. 1;;24223;SCHWENTINENTAL;54.2881;10.2213
257;OLDENBURG, BERLINER ECK.;Shell;BERLINER ECK;"";23758;Oldenburg;54.286452;10.87911
258;team Tankautomat Schwentinental-Raisdorf;team;Gutenbergstr.;15 u. 19;24223;Schwentinental-Raisdorf;54.2854;10.2266
259;Bernd Neubauer;SHELL;Tellingstedter Str.;12;25779;Hennstedt;54.28324;9.17277
260;famila Tankstelle Kiel Neumeimersdorf;famila;Grot Steenbusch;35;24145;Kiel;54.2823;10.1331
261;Kiel, Hamburger Landstraße 56;bft;Hamburger Landstraße 56;"";24113;Kiel;54.282064;10.080368
262;Tank-Shop-Hemme;Frei;Dorfstr. ;40;25774;Hemme;54.281229;9.011455
263;Landwirtschaftlicher Ein- und Verkauf Ostholstein eG;Raiffeisen;Sebenter Weg;25 a;23758;Oldenburg;54.2808;10.8839
264;Q1 Tankstelle;Q1;Kanaltunnel Süde / B77;null;24784;Westerrönfeld;54.2805;9.65886
265;Westerrönfeld, Schmiedestr. 23;HEM;Schmiedestr.;23;24784;Westerrönfeld;54.280266;9.647808
266;Hemme;Schillhorn Mineralöle GmbH Hemme;Dorfstr.;53;25774;Hemme;54.279998779297;9.0100002288818
267;Reinhard Klein;SHELL;Lindenallee;31;24784;Westerrönfeld;54.27874;9.65459
268;TOTAL KIEL;TOTAL;EDINSONSTR.;44;24145;KIEL;54.277443;10.161049
269;Aral Tankstelle;ARAL;Greifswalder Chaussee;62;18439;Stralsund;54.2766876;13.10687
270;Aral Tankstelle;ARAL;Hamburger Landstraße;103;24113;Molfsee;54.27259;10.0749245
271;Supermarkt-Tankstelle STRALSUND GUSTOWER WEG 3;Supermarkt-Tankstelle;GUSTOWER WEG 3;;18439;STRALSUND;54.27095;13.11511
272;OIL! Tankstelle Pahlen;OIL!;Schulstr. 1;;25794;Pahlen;54.2703;9.29557
273;star Tankstelle;STAR;Ribnitzer Strasse;46;18181;Seeheilbad Graal-Müritz;54.25877;12.26307
274;Ribnitz-Damgarten, An der Mühle 1;HEM;An der Mühle;1;18311;Ribnitz-Damgarten;54.254658;12.491396
275;CLASSIC Elsdorf;CLASSIC;Hauptstr.;18;24800;Elsdorf-Westermühlen ?;54.2515;9.53257
276;Sönke Mau;NORDOEL;Kieler Straße ;38;24211;Preetz;54.245396;10.276979
277;Ribnitz-Damgarten An der B;SB;Damgartener Chaussee 61 B;"";18311;Ribnitz-Damgarten;54.2431;12.4539
278;Esso Tankstelle;ESSO;HAMBURGER LANDSTR. 7; ;24254;RUMOHR;54.24210439;10.0337989
279;Tankcenter-RIBNITZ-DAMGARTEN;Tankcenter;ALTE KLOCKENHAEGER LANDSTR.;2;18311;RIBNITZ-DAMGARTEN;54.2397;12.405287
280;Aral Tankstelle;ARAL;B;105;18311;Ribnitz-Damgarten;54.2393761;12.4079084
281;star Tankstelle;STAR;Max-Planck-Strasse;2;24220;Flintbek;54.23929;10.05459
282;famila Tankstelle Ribnitz-Damgarten;famila Nordost;Sanitzer Str.;3;18311;Ribnitz-Damgarten;54.2381;12.4379
283;Ahrenshagen;ADAP Tankstelle;Hauptstr.;4;18320;Ahrenshagen;54.2379;12.5326
284;PREETZ, SCHWENTINESTR;Shell;SCHWENTINESTR. 5;"";24211;PREETZ;54.2366;10.2837
285;JEVENSTEDT, ITZEHOER CHAUSSE;Shell;ITZEHOER CHAUSSEE 61;"";24808;JEVENSTEDT;54.2344;9.66887
286;Hamdorf, Poggensteert 6;HEM;Poggensteert;6;24805;Hamdorf;54.22666;9.514116
287;AVIA Tankstelle;AVIA;Seestraße;5;23747;Dahme;54.223965;11.081603
288;bft-willer Station 159;bft;Hamburger Str. ;2;25782;Tellingstedt;54.2201;9.28256
289;Aral Tankstelle;ARAL;Dieselstraße;1;23738;Lensahn;54.21759;10.8967733
290;Aral Tankstelle;ARAL;Schuelperstraße;27;25764;Wesselburen;54.21436;8.923417
291;team Tankautomat Tellingstedt;team;Südermühle;9;25782;Tellingstedt;54.2137;9.27924
292;Esso Tankstelle;ESSO;EWERWEG 12; ;24245;KIRCHBARKAU;54.212662;10.14841
293;bft-willer Station 141;bft;Waldschlößchenstr. ;95;25746;Heide;54.2088;9.1097
294;team Tankautomat Wesseln;team;Waldstr.;2;25746;Wesseln;54.2073;9.08823
295;RICHTENBERG, STRALSUNDER STR.;Shell;STRALSUNDER STR.;"";18461;Richtenberg;54.20392;12.90175
296;OIL! Tankstelle Sundhagen / OT Miltzow;OIL!;Reinberger Straße 26;;18519;Sundhagen / OT Miltzow;54.2025;13.2017
297;team Tankstelle Heide,A-D- Str.;team;Alfred-Dührssen-Str. ;30;25746;Heide;54.2019;9.0876
298;team Tankstelle Heide Hamburger Str.;team;Hamburger Str.;145;25746;Heide;54.1982;9.1241
299;AVIA Tankstelle;AVIA;Op de Horst ;23-25;23743;Grönwohldshorst;54.197426;11.017774
300;Classic Tankstelle Heide;classic;Hamburger Str.;115;25746;Heide;54.197417;9.114975
301;team Tankautomat Heide;team;Schanzenstr.;5 ;25746;Heide;54.1973;9.12792
302;HEIDE, HAMBURGER STR;Shell;HAMBURGER STR. 85;"";25746;Heide;54.1972;9.1102
303;Esso Tankstelle;ESSO;HUSUMER STR. 5; ;25746;HEIDE;54.196685;9.090287
304;star Tankstelle;STAR;Oldenburger Strasse;17;23744;Schönwalde;54.18738;10.75752
305;Tankstelle Stadtwerke Heide;;Vogelweide;6;25746;Heide;54.184853;9.108153
306;T-ACCESS HEIDE;Access;MELDORFER STR.;143;25746;HEIDE;54.18437;9.090378
307;CLASSIC Legan;CLASSIC;Legan;10b;24816;Legan;54.1818;9.63598
308;Aral Tankstelle;ARAL;Grotwisch;2;24589;Dätgen;54.17994;9.944041
309;HEIDE, MELDORFER STR. 219.;Shell;MELDORFER STR. 219;"";25746;Heide;54.177804;9.09247
310;BORDESHOLM, KIELER STR.;Shell;KIELER STR. 37-39;"";24582;Bordesholm;54.176707;10.025989
311;AVIA Tankstelle;AVIA;Brügger Chaussee;26;24582;Wattenbek;54.17493;10.055179
312;BORDESHOLM, BAHNHOFSTR;Shell;BAHNHOFSTR. 78;"";24582;Bordesholm;54.172994;10.035457
313;BAD MALENTE, BAHNHOFSTRAßE.;Shell;BAHNHOFSTR. 54-56;"";23714;MALENTE;54.1729;10.5584
314;TOTAL PLOEN;TOTAL;LUETJENBURGER STR.;61;24306;PLOEN;54.1708;10.435977
315;Aral Tankstelle;ARAL;An der Stadtautobahn;60;18119;Rostock;54.1684227;12.079958
316;Esso Tankstelle;ESSO;LOHKAMP 6; ;24589;NORTORF;54.166002;9.856789
317;star Tankstelle;STAR;Eutiner Straße;55;23714;Bad Malente-Gremsmuehlen;54.16379;10.56877
318;ELAN BAD MALENTE;ELAN;EUTINER STR.;54;23714;BAD MALENTE;54.163513;10.56638
319;famila Tankstelle;FAMILA;Timmasper Weg;1;24599;Nortorf;54.16229;9.85846
320;Volker Wilkens;NORDOEL;Hauptstr.;20;25761;Oesterdeichstrich;54.158527;8.902552
321;Esso Tankstelle;ESSO;WERFTALLEE; ;18109;ROSTOCK;54.157261;12.078646
322;Aral Tankstelle;ARAL;Rautenbergstraße;37A;24306;Plön;54.1571655;10.4409246
323;Esso Tankstelle;ESSO;AN DER B105 / NR.16; ;18182;MOENCHHAGEN;54.156948;12.232651
324;MÖNCHHAGEN, TRANSITSTR;Shell;TRANSITSTR. 13A;"";18182;Mönchhagen;54.1522;12.2304
325;star Tankstelle;STAR;Plöner Chaussee;22;24326;Ascheberg;54.15185;10.35251
326;Ascheberg, Ploener Chaussee 90 a;SB;Ploener Chaussee 90 a;"";24326;Ascheberg;54.15149;10.35318
327;GROEMITZ, NEUSTAEDTER STR.;Shell;NEUSTAEDTER STR 47;"";23743;GRÖMITZ;54.1506;10.9493
328;ALBERSDORF, FRIEDRICHSTR;Shell;FRIEDRICHSTR. 17;"";25767;Albersdorf;54.146946;9.280798
329;Rostock, Ost-West-Str. 13;HEM;Ost-West-Str.;13;18147;Rostock;54.14565;12.115951
330;TOTAL KUEHLUNGSBORN;TOTAL;NEUE REIHE;"";18225;KUEHLUNGSBORN;54.14487;11.735626
331;Aral Tankstelle;ARAL;Doberaner Straße;"";18225;Kühlungsborn;54.1443939;11.7688007
332;star Tankstelle;STAR;Große Rampe;1;18146;Rostock;54.1383;12.1748
333;Rostock, Zum Südtor 6;HEM;Zum Südtor;6;18147;Rostock;54.137836;12.11387
334;BUESUM, HEIDER STR;Shell;HEIDER STR. 8 A;"";25761;BÜSUM;54.136729;8.870684
335;OIL! Tankstelle Büsum;OIL!;Heider Straße 16 a;;25761;Büsum;54.1353;8.8684
336;AVIA Tankstelle;AVIA;An der Stadtautobahn;38;18107;Rostock;54.13232;12.063954
337;TOTAL ROSTOCK-LUETTENKLEIN;TOTAL;AN DER STADTAUTOBAHN;70;18107;ROSTOCK-LUETTENKLEIN;54.132248;12.063944
338;OIL! Tankstelle Kühlungsborn;OIL!;Schloßstraße 26;;18225;Kühlungsborn;54.1309;11.7518
339;ROSTOCK, SANKT-PETERSBURGER STR.;Shell;SANKT-PETERSBURGER STR.;"";18107;Rostock;54.1304;12.0579
340;ROSTOCK - SCHMARLER DAMM 9;Agip;Schmarler Damm;9;18069;Rostock;54.129272184582;12.075472951061
341;famila Tankstelle;FAMILA;Plöner Landstraße;8-10;23701;Eutin;54.12927;10.57951
342;Aral Tankstelle;ARAL;Ploener Landstraße;7;23701;Eutin;54.12896;10.58002
343;Aral Tankstelle;ARAL;Bürgerm.-Steenbock-Str.;3;23701;Eutin;54.12886;10.6248684
344;AVIA Automatenstation;AVIA;Am Liepengraben;18;18147;Rostock;54.12811;12.154787
345;team Tankautomat Rostock-Bentwisch;team;Hansestr.;20-22;18182;Rostock-Bentwisch;54.1274;12.1766
346;star Tankstelle;STAR;Theodor-Storm-Strasse;23a;25557;Hanerau-Hademarschen;54.12544;9.41855
347;bft Tankstelle;bft;Kühlungsborner Straße;28;18230;Bastorf;54.1254;11.6931
348;CITTI Tankstelle;CITTI;Handwerkstraße 1;;18069;Rostock;54.123916;12.073096
349;EUTIN, LÜBECKER LANDSTR;Shell;LÜBECKER LANDSTR 36;"";23701;EUTIN;54.12382;10.63264
350;Norbert Heuck;freie Tankstelle;Hauptstr.;114;24819;Todenbüttel;54.122001;9.54063
351;Hanerau;Schillhorn Mineralöle GmbH Hanerau;Mannhardtstraße;8a;25557;Hanerau-Hademarschen;54.119998931885;9.4300003051758
352;Tankstelle Lucht;"Schillhorn Mineral""le GmbH Remmels";Hauptstraße;18;24594;Remmels;54.119998931885;9.6499996185303
353;Tankstelle am Marktkauf;Marktkauf;Marktflecken 1;;17498;Neuenkirchen;54.119613;13.361522
354;OIL! Tankstelle Karlshagen;OIL!;Hauptstr. / Ecke Strandstr.;;17449;Karlshagen;54.118;13.8316
355;Aral Tankstelle;ARAL;Stralsunder Straße;46;18507;Grimmen;54.1177673;13.0436363
356;TOTAL GREIFSWALD-NEUENKIRCHEN;TOTAL;MARKTFLECKEN;17;17498;GREIFSWALD-NEUENKIRCHEN;54.117153;13.3637495
357;Q1 Tankstelle;Q1;Fischerweg;1;18069;Rostock;54.1138;12.0806
358;Supermarkt-Tankstelle ROSTOCK-BENTWISCH HANSESTR. 47;Supermarkt-Tankstelle;HANSESTR. 47;;18182;ROSTOCK-BENTWISCH;54.11364;12.19207
359;Aral Tankstelle;ARAL;Toitenwinkler Allee;1;18147;Rostock;54.1135368;12.1614857
360;star Tankstelle;STAR;Schwarzer Weg;2;18334;Dettmannsdorf;54.11185;12.53121
361;Admannshagen-Bargeshagen, Rabenhorster Damm 1;HEM;Rabenhorster Damm;1;18211;Admannshagen-Bargeshagen;54.111137;11.97241
362;Smiley Tankstelle Kerwel;Bremer Mineralölhandel GmbH;Am alten Bahndamm;2;18334;Bad Sülze;54.111096;12.63309
363;BAD SUELZE, AM ALTEN BAHNDAMM;Shell;AM ALTEN BAHNDAMM 2;"";18334;BAD SUELZE;54.111016;12.633034
364;bft-willer;bft;Bundesstr.;45;25557;Gokels;54.111;9.46916
365;OIL! Tankstelle Neustadt i. Holst.;OIL!;Oldenburger Str. 20;;23730;Neustadt i. Holst.;54.1108;10.822
366;star Tankstelle;STAR;Hinrichsdorfer Strasse;7e;18146;Rostock;54.11038;12.16452
367;ROSTOCK, LORENZSTR. 75.;Shell;LORENZSTR. 75;"";18146;Rostock;54.1102;12.1685
368;JET BAD DOBERAN AN DER B 105;JET;AN DER B 105;;18209;BAD DOBERAN;54.1086;11.9188
369;TOTAL GRIMMEN;TOTAL;GREIFSWALDER STR.;"";18507;GRIMMEN;54.1081;13.057083
370;GRIMMEN, GREIFSWALDER CHAUSS.;Shell;GREIFSWALDER CHAUSSEE 5;"";18507;GRIMMEN;54.1078;13.0589
371;Supermarkt-Tankstelle LAMBRECHTSHAGEN OSTSEE-PARK-STRASSE 3;Supermarkt-Tankstelle;OSTSEE-PARK-STRASSE 3;;18069;LAMBRECHTSHAGEN;54.10729;12.03732
372;BAD DOBERAN, AN DER B 105;Shell;AN DER B 105;"";18209;Bad Doberan;54.10634;11.928363
373;Esso Tankstelle;ESSO;ROSTOCKER STR. 52; ;18069;LAMBRECHTSHAGEN;54.106213;12.047859
374;Neustadt, Eutiner Str. 20-22;HEM;Eutiner Str.;20-22;23730;Neustadt;54.104214;10.802098
375;Brünzow, Lubminer Str. 3;HEM;Lubminer Str.;3;17509;Brünzow;54.10383;13.56554
376;famila Tankstelle;FAMILA;Rettiner Weg;77;23730;Neustadt / Holstein;54.10357;10.83182
377;Esso Tankstelle;ESSO;STRALSUNDER STR. 23-24; ;17489;GREIFSWALD;54.10299734;13.37742751
378;AVIA Automatenstation;AVIA;Zum Rauhen Berg;40;18507;Grimmen;54.102985;13.070237
379;TOTAL NEUMUENSTER;TOTAL;KIELER STR.;387-391;24536;NEUMUENSTER;54.102776;9.990301
380;team Tankstelle Rostock;team;Rövershäger Chaussee;5;18146;Rostock;54.1011;12.18
381;Sönke Mau;EDEKA;Baeyerstr.;1;24536;Neumünster;54.09962;9.977887
382;Tankcenter ROSTOCK;Tankcenter;ROEVERSHAEGER CH.;3;18146;ROSTOCK;54.099613;12.177267
383;Aral Tankstelle;ARAL;Rövershäger Chaussee;1;18146;Rostock;54.0995522;12.176054
384;star Tankstelle;STAR;Eutiner Strasse;73;23730;Neustadt / Holstein;54.09923;10.79273
385;Neustadt, Sierksdorfer Str. 4a;HEM;Sierksdorfer Str.;4a;23730;Neustadt;54.097954;10.790795
386;team Tankautomat Neustadt;team;Industrieweg;3;23730;Neustadt;54.0973;10.7942
387;JET MELDORF HEIDER STR. 34;JET;HEIDER STR. 34;;25704;MELDORF;54.0966;9.06443
388;TOTAL ROSTOCK;TOTAL;U.-VON-HUTTEN-STR.;7;18069;ROSTOCK;54.096397;12.081686
389;JET ROSTOCK WERFTSTR. 45;JET;WERFTSTR. 45;;18057;ROSTOCK;54.095506;12.102942
390;Neumuenster, Kieler Str. 259;SB;Kieler Str. 259;"";24536;Neumünster;54.0939;9.98761
391;NEUMÜNSTER, A7 AALBEK.;Shell;A7 AALBEK;"";24537;NEUMÜNSTER;54.0936;9.9311
392;TOTAL ROSTOCK;TOTAL;WARNOWUFER;53;18057;ROSTOCK;54.093525;12.115501
393;Tribsees;ADAP Tankstelle;Sülzer Chaussee;13b;18465;Tribsees;54.093498;12.7522
394;star Tankstelle;STAR;Am Pommerndreieck;B 194;18516;Grimmen;54.09284;13.08552
395;OIL! Tankstelle Greifswald;OIL!;Am neuen Friedhof 1;;17489;Greifswald;54.0925;13.3552
396;Aral Tankstelle;ARAL;Rendsburger Str.;2-4;24594;Hohenwestedt;54.09163;9.64883
397;bft Greifswald;bft;Wolgaster Str.;62b;17489;Greifswald;54.091;13.4174
398;Jens Meier;NORDOEL;Jungfernstieg;13;25704;Meldorf;54.09002;9.06916
399;Aral Tankstelle;ARAL;Oesterstraße;92;25704;Meldorf;54.0886841;9.096075
400;SVG Tankstelle Neumünster Nord;SVG;Kieler Straße;198;24536;Neumünster;54.088668823242;9.9869499206543
401;Dirk Röpcke;SKY;Itzehoer Str.;38;24594;Hohenwestedt;54.08603;9.65002
402;NEUMUENSTER, ILSAHL 56.;Shell;ILSAHL 56;"";24536;NEUMÜNSTER;54.0856;9.99338
403;Esso Tankstelle;ESSO;VERBINDUNGSWEG; ;18055;ROSTOCK;54.082819;12.165045
404;GREIFSWALD, GÜTZKOWER LAND STR. 9-1;Shell;GÜTZKOWER LAND STR. 9-10;"";17489;GREIFSWALD;54.082694;13.381691
405;Aral Tankstelle;ARAL;Rendsburger Straße;48-52;24534;Neumünster;54.08214;9.979484
406;Aral Tankstelle;ARAL;Tessiner Straße;68;18055;Rostock;54.0811958;12.1943073
407;OIL! Tankstelle Aukrug-Innien;OIL!;Itzehoer Straße 24;;24613;Aukrug-Innien;54.0811;9.78
408;BRODERSTORF, AN DER B 110;Shell;AN DER B 110;"";18184;BRODERSTORF;54.0809;12.2131
409;TOTAL ROSTOCK;TOTAL;TESSINER STR.;98;18055;ROSTOCK;54.080757;12.189003
410;OIL! Tankstelle Schafstedt;OIL!;Hauptstraße 16;;25725;Schafstedt;54.0806;9.29311
411;Greenline Greifswald;Greenline;Am Elisenpark;6;17491;Greifswald;54.0806;13.4302
412;JET ROGGENTIN KOESTERBECKER STR. 1;JET;KOESTERBECKER STR. 1;;18184;ROGGENTIN;54.0798;12.2132
413;NEUMUENSTER, RENDSBURGER STR.;Shell;RENDSBURGER STR. 25;"";24534;NEUMÜNSTER;54.0787;9.97903
414;TOTAL Sanitz;TOTAL;ROSTOCKER STR.;72;18190;SANITZ;54.07774;12.367252
415;TOTAL ROSTOCK;TOTAL;ERICH-SCHLESINGER-STR.;26;18059;ROSTOCK;54.076897;12.11808
416;JET ROSTOCK SATOWER STR. 10a;JET;SATOWER STR. 10a;;18059;ROSTOCK;54.0756;12.0937
417;Tank Stop Stegmann;;Sandfuhr;4;17491;Greifswald;54.075546;13.405985
418;Globus Handelshof GmbH & Co. KG  Betriebsstaette Roggentin;"";Globusring;1;18184;Roggentin;54.07492;12.20115
419;Supermarkt-Tankstelle GREIFSWALD ANKLAMER LANDSTR. 1;Supermarkt-Tankstelle;ANKLAMER LANDSTR. 1;;17491;GREIFSWALD;54.0742;13.4289
420;Martin Kriese;NORDOEL;Brachenfelder Str.;72;24534;Neumünster;54.074013;9.9959755
421;GREIFSWALD, SCHOENWALDER LAN.;Shell;SCHÖNWALDER LANDSTRASSE 28;"";17489;GREIFSWALD;54.0736;13.3951
422;Aral Tankstelle;ARAL;Schönwalder Landstraße;1;17489;Greifswald;54.0728645;13.3833313
423;AVIA Tankstelle;AVIA;Rostocker Straße;93;18236;Kröpelin;54.072506;11.8099985
424;Autobahntankstelle;AVIA;Rasthof-Neustädter-Bucht Ost;"";23730;Sierksdorf;54.071205;10.75619
425;Supermarkt-Tankstelle NEUMUENSTER WASBEKER STR. 330;Supermarkt-Tankstelle;WASBEKER STR. 330;;24537;NEUMUENSTER;54.0698;9.94123
426;TOTAL ZINNOWITZ;TOTAL;AHLBECKER STR.;37;17454;ZINNOWITZ;54.0694;13.906795
427;CLASSIC Neumünster;CLASSIC;Wasbeker Str.;342;24537;Neumünster;54.0688;9.93859
428;TOTAL NEUMUENSTER;TOTAL;WASBEKER STR.;361;24537;NEUMUENSTER;54.06848;9.937957
429;Autobahntankstelle;AVIA;Neustädter-Bucht West;"";23730;Sierksdorf;54.06802;10.7561245
430;Mandy Markl;NORDOEL;Wismarsche Str.;51;18236;Kröpelin;54.067978;11.781931
431;OIL! Tankstelle Greifswald;OIL!;Daniel-Teßmann-Str.1;;17491;Greifswald;54.0673;13.4337
432;star Tankstelle;STAR;Haart;104-106;24539;Neumuenster;54.0646;9.99811
433;Aral Tankstelle;ARAL;Holsatenring;38;24539;Neumünster;54.0633049;9.984675
434;Faldera Tankstelle Günzel;Freie Faldera Tankstelle Günzel;Ehndorfer Straße;156;24537;Neumünster;54.062814;9.95843
435;TOTAL NEUMUENSTER;TOTAL;HAART;225;24539;NEUMUENSTER;54.060944;10.010858
436;Esso Tankstelle;ESSO;LISE-MEITNER-RING 1; ;18059;ROSTOCK;54.059577;12.117918
437;Kritzmow, Satower Str. 12a;HEM;Satower Str.;12a;18198;Kritzmow;54.059418;12.056419
438;Wolgast, Straße der Freundschaft 58a;HEM;Straße der Freundschaft;58a;17438;Wolgast;54.059036;13.807712
439;JET NEUMUENSTER ALTONAER STRASSE 147;JET;ALTONAER STRASSE 147;;24539;NEUMUENSTER;54.0589;9.98121
440;Fieroh GmbH;NORDOEL;Segeberger Straße;31;24539;Neumünster;54.05728;10.016753
441;Eberhard Lüdtke;NORDOEL;An der Chaussee;5;17498;Diedrichshagen;54.05365;13.478137
442;Süderhastedt;Schillhorn Mineralöle GmbH Süderhastedt;Hauptstraße;55;25727;Süderhastedt;54.04999923706;9.210000038147
443;JET NEUMUENSTER BOOSTEDTER STR. 284;JET;BOOSTEDTER STR. 284;;24539;NEUMUENSTER;54.04823;10.00516
444;WOLGAST, AM FUCHSBERG 2.;Shell;AM FUCHSBERG 2;"";17438;Wolgast;54.0479;13.7531
445;TOTAL WOLGAST;TOTAL;CHAUSSEESTR.;45;17438;WOLGAST;54.046696;13.752053
446;Esso Tankstelle;ESSO;HAUPTSTR. 122; ;17459;KOSEROW;54.045462;14.002907
447;Weidemann-Tank;Weidemann-Tank;Linden Str.;31;23684;Pönitz;54.0447;10.672
448;Ulf Koberstein;SHELL;Lübecker Straße;31;23684;Pönitz  ;54.04272;10.68049
449;Bennedsen Trappenkamp;Nordöl;Erfurter Straße;4;24610;Trappenkamp;54.040838;10.218518
450;Aral Tankstelle;ARAL;Holstenstraße;112;25560;Schenefeld;54.0396423;9.480057
451;team Tankstelle Neubukow;team;Gewerbestr.;1;18233;Neubukow;54.0392;11.6912
452;SVG Autohof Neumünster Süd;SVG;Leinestraße;38;24539;Neumünster;54.039089202881;10.005640029907
453;OIL! Tankstelle Trappenkamp;OIL!;Kieler Str. 12;;24610;Trappenkamp;54.0376;10.2224
454;SCHARBEUTZ, POENITZER CH;Shell;PÖNITZER CHAUSSEE 1;"";23683;SCHARBEUTZ;54.0339;10.7425
455;Tessin, Sülzer Str. 17;HEM;Sülzer Str.;17;18195;Tessin;54.030666;12.470046
456;Gudendorf;Schillhorn Mineralöle GmbH Gudendorf;Hauptstraße;31;25722;Gudendorf;54.029998779297;9.1000003814697
457;Esso Tankstelle;ESSO;WISMARSCHE STR. / B105; ;18233;NEUBUKOW;54.024077;11.662212
458;star Tankstelle;STAR;Hauptstraße;52;25596;Wacken;54.02284;9.37102
459;team Tankstelle Ahrensbök;team;Segeberger Chaussee;2a;23623;Ahrensbök;54.0159;10.571
460;Holger Kriese;SHELL;Bahnhofstr.;50;24598;Boostedt;54.0142;10.02063
461;AVIA Automatenstation;AVIA;Zur Radewiese;2c;18196;Kavelstorf;54.013325;12.199941
462;star Tankstelle;STAR;Segeberger Chaussee;9-11;23623;Ahrensbök;54.01313;10.56565
463;Brokenlande, Apothekerholz 3;TAMOIL;Apothekerholz;3;24623;Brokenlande;54.012177;9.932863
464;Weidemann-Tank;Weidemann-Tank;Lübecker Str.;29;23623;Ahrensbök;54.0076;10.574
465;star Tankstelle;STAR;Lindenstrasse;9;25712;Burg;53.99951;9.26308
466;Kaaks, Kaaksburg 1;SB;Kaaksburg;1;25582;Kaaks;53.997272;9.488935
467;Volker Wilkens;NORDOEL;Burgstr.;11;25712;Burg;53.995678;9.265707
468;OIL! Tankstelle Brokstedt;OIL!;Dörnbek 33;;24616;Brokstedt;53.9951;9.81972
469;TIMMENDORFER STRAND, LUEBECK.;Shell;LÜBECKER STR. 18;"";23669;TIMMENDORFER STRAND;53.9946;10.7719
470;Esso Tankstelle;ESSO;FRITZ-REUTER-STR. 43; ;18239;SATOW;53.992536;11.904769
471;AVIA Tankstelle;AVIA;Fritz-Reuter-Str.;43;18239;Satow;53.99245;11.904868
472;OIL! tank & go Automatentankstelle Friedrichskoog;OIL!;Koogstr. 16;;25718;Friedrichskoog;53.9921;8.94069
473;OIL! Tankstelle Sankt Michaelisdonn;OIL!;Johannesstraße 8;;25693;Sankt Michaelisdonn;53.9913;9.12035
474;star Tankstelle;STAR;Travemünder Landstraße;6;23669;Timmendorf;53.9904;10.8356
475;SB-STATION PANSDORF;SB Station;EUTINER STR.;82;23689;PANSDORF;53.987755;10.712764
476;star Tankstelle;STAR;Eutiner Straße;1;23689;Pansdorf;53.98547;10.71223
477;Gnoien, Tessiner Str. 2;HEM;Tessiner Str.;2;17179;Gnoien;53.974567;12.69475
478;Hohenlockstedt (25551), Kieler Str. 110;team;Kieler Str.;112;25551;Hohenlockstedt;53.969;9.6264
479;TOTAL HOHENLOCKSTEDT;TOTAL;KIELER STR.;110;25551;HOHENLOCKSTEDT;53.96899;9.626441
480;TOTAL KLUETZ;TOTAL;BOLTENHAGENER STR.;11 B;23948;KLUETZ;53.9681;11.171393
481;Loitz, An der Voßbäk 100;HEM;An der Voßbäk;100;17121;Loitz;53.965454;13.103825
482;Diane Junker/Marco Weber;NORDOEL;Vor dem Mühlentor;9;17179;Gnoien;53.96434;12.714403
483;OIL! Tankstelle Bansin;OIL!;Ahlbecker Chaussee 19;;17429;Bansin;53.9629;14.1364
484;TOTAL Travemuende;TOTAL;MOORREDDER;1;23570;TRAVEMUENDE;53.96265;10.861047
485;Aral Tankstelle;ARAL;BAB;21;23795;Schackendorf;53.9601746;10.260458
486;Aral Tankstelle;ARAL;Meldorfer Straße;24;25709;Marne;53.9599762;9.007651
487;Nordoel-Tankstelle Wahlstedt;"";Kieler Str.;8;23812;Wahlstedt;53.95985;10.2275
488;SCHACKENDORF, AN DER A 21.;Shell;AN DER A 21 , FAHRTRICHTUNG KIEL;"";23795;SCHACKENDORF;53.959395;10.262707
489;Aral Tankstelle;ARAL;Gneversdorfer Weg;12-14;23570;Lübeck;53.95933;10.8614922
490;star Tankstelle;STAR;Kieler Strasse;2;25551;Hohenlockstedt;53.95731;9.61096
491;Autohaus Thode, Inh. Herbert Thode e.K. ;Freie Tankstelle Thode;Lise-Meitner-Straße ;15;25524;Itzehoe;53.95423;9.49049
492;Kai-Thomas Lalla;NORDOEL;Overndorfer Str.;32;25548;Kellinghusen;53.951527;9.706699
493;OIL! Tankstelle Eddelak;OIL!;Bahnhofstraße 109;;25715;Eddelak;53.9511;9.15257
494;bft-willer Station 180;bft;Hafenstr. ;20;25709;Marne;53.9489;9.00917
495;André Gohert-Pawletta;NORDOEL;Eutiner Straße;29;23795;Bad Segeberg;53.9481;10.30893
496;BAD SEGEBERG, ZIEGELSTR;Shell;ZIEGELSTR. 100;"";23795;BAD SEGEBERG;53.94686;10.303455
497;Inga & Katrin Harries GbR;NORDOEL;Norderstr.;11;25715;Eddelak;53.94652;9.136388
498;team Tankstelle Wahlstedt;team;Kronsheider Str.;45a;23812;Wahlstedt;53.9465;10.2008
499;CLASSIC Kellinghusen;CLASSIC;Mühlenbeker Str.;2;25548;Kellinghusen;53.944;9.72832
500;Hans-Joachim Kumm;NORDOEL;Am Kleinbahnhof;3;17506;Gützkow;53.943764;13.3961115
501;Aral Tankstelle;ARAL;Ziegelstraße;46;23795;Bad Segeberg;53.9420052;10.30004
502;JET ITZEHOE EDENDORFERSTR. 127;JET;EDENDORFERSTR. 127;;25524;ITZEHOE;53.9413;9.49674
503;Schwaan, Niendorfer Chaussee;HEM;Niendorfer Chaussee;;18258;Schwaan;53.937668;12.134083
504;AVIA Tankstelle;AVIA;Hamburger Straße;103;23795;Bad Segeberg;53.934475;10.289692
505;TOTAL AHLBECK;TOTAL;FERDINAND-EGELINSKI-STR.;3;17419;AHLBECK;53.9336;14.193898
506;ITZEHOE, LINDENSTR.;Shell;LINDENSTR. 253;"";25524;ITZEHOE;53.932667;9.483512
507;star Tankstelle;STAR;Gieschenhagen;2-2a;23795;Bad Segeberg;53.93251;10.31332
508;star Tankstelle;STAR;Lindenstrasse;164;25524;Itzehoe;53.93249;9.49137
509;Laage, Daimler-Benz-Allee 3;HEM;Daimler-Benz-Allee;3;18299;Laage;53.93133;12.309719
510;Tankhof Wrist GmbH;"";Hauptstr. ;32;25563;Wrist;53.93073;9.751727
511;Egon von Haw;Egon von Haw;Gasstr.;30-34;25524;Itzehoe;53.930574;9.493138
512;Esso Tankstelle;ESSO;SANDBERG 142 A; ;25524;ITZEHOE;53.930362;9.531713
513;OIL! Tankstelle Laage Kronskamp;OIL!;An der B 103;;18299;Laage Kronskamp;53.9292;12.3122
514;Aral Tankstelle;ARAL;Lindenstraße;24;25524;Itzehoe;53.92919;9.509999
515;team Tankstelle Wilster;team;Rumflether Str.;40;25554;Wilster;53.9272;9.36441
516;star Tankstelle;STAR;Neue Burger Strasse;15 a;25554;Wilster;53.9251;9.3776
517;BAD BRAMSTEDT, LIETHBERG.;Shell;LIETHBERG 11-13;"";24576;BAD BRAMSTEDT;53.923555;9.88181
518;Arno Ewald ;SHELL;Metkenberg ;2;23970;Redentin;53.92346;11.487927
519;Susanne Hagemeister;Shell;Dorfstraße;95;23815;Geschendorf;53.92252;10.453186
520;TOTAL JARMEN;TOTAL;KLINKENBERGER STR.;"";17126;JARMEN;53.921806;13.347471
521;JET BAD BRAMSTEDT LIETHBERG 2;JET;LIETHBERG 2;;24576;BAD BRAMSTEDT;53.9218;9.88209
522;TOTAL ITZEHOE;TOTAL;ADENAUER ALLEE;10;25524;ITZEHOE;53.92171;9.512394
523;BAD SCHWARTAU, EUTINER STR;Shell;EUTINER STR. 4A;"";23611;BAD SCHWARTAU;53.9211;10.6975
524;Aral Tankstelle;ARAL;Bockhorner Landstraße;63a;23826;Bark O.T. Bockhorn;53.9184074;10.1276569
525;Gulf Jarmen;GULF;Gewerbestr.;1;17126;Jarmen;53.9181;13.3469
526;SEREETZ, DAENISCHB.LDSTR.13;Shell;DÄNISCHBURGER.LANDSTR. 13;"";23611;Sereetz;53.917598;10.735901
527;Esso Tankstelle;ESSO;BLEECK 35; ;24576;BAD BRAMSTEDT;53.916585;9.882762
528;star Tankstelle;STAR;Erlenweg;41;17129;Tutow;53.9159;13.24241
529;TOTAL LUEBECK;TOTAL;SOLMITZSTRASSE;23a;23569;LUEBECK;53.915;10.805833
530;TOTAL DASSOW;TOTAL;FRIEDENSSTR.;88;23942;DASSOW;53.913055;10.976667
531;LÜBECK, BORSTELWEG.;Shell;BORSTELWEG 21;"";23569;LUEBECK;53.912137;10.792619
532;Aral Tankstelle;ARAL;BAB A;20-FuchsbergNor;23992;Glasin;53.9107857;11.7585707
533;DEMMIN, LOITZER STR;Shell;LOITZER STR. 5A;"";17109;DEMMIN;53.9103;13.02788
534;Aral Tankstelle;ARAL;BAB A;20-FuchsbergSüd;23992;Glasin;53.9089775;11.7567377
535;Ursula und Dirk Gwiszcz;NORDOEL;Hauptstraße;37;23611;Bad Schwartau;53.90666;10.67574
536;Wismar;Hoyer;Hauptstr.;1a;23974;Wismar;53.906101;11.5317
537;Aral Tankstelle;ARAL;Elmshorner Straße;36;25524;Itzehoe;53.90583;9.507903
538;Demmin, Drönnewitzer Str. 50;HEM;Drönnewitzer Str.;50;17109;Demmin;53.905457;13.013949
539;AVIA Tankstelle;AVIA;Tremskamp;32;23611;Bad Schwartau;53.904835;10.690647
540;ELAN DEMMIN;ELAN;JARMENER CHAUSSEE;1A;17109;DEMMIN;53.904232;13.067142
541;Dargun;Hoyer;Demminer Str.;39;17159;Dargun;53.903801;12.867
542;Tanklager Itzehoe Hermann Lother & Co.;LOTHEROL;de Vos Str.;24;25524;Itzehoe;53.9034;9.49167
543;AVIA Tankstelle;AVIA;Poeler Str. ;73;23970;Wismar;53.903282;11.4742365
544;Gägelow, Chausseestr. 1;HEM;Chausseestr.;1;23968;Gägelow;53.902645;11.37718
545;TOTAL WISMAR;TOTAL;ZIEROWER LANDSTRASSE;1;23968;WISMAR;53.9025;11.404999
546;TOTAL Brunsbuettel;TOTAL;OLOF-PALME-ALLEE;5;25541;BRUNSBUETTEL;53.902145;9.122195
547;Lübeck;famila;Möllerung;11-13;23569;Lübeck;53.901806;10.806253
548;team Tankstelle Wismar;team;Zierower Landstr.;3;23968;Wismar;53.9018;11.4034
549;Aral Tankstelle;ARAL;Olof-Palme-Allee;2;25541;Brunsbüttel;53.90042;9.121024
550;OIL! tank & go Automatentankstelle Büttel;OIL!;Hauptstr. 7;;25572;Büttel;53.9003;9.22746
551;Aral Tankstelle;ARAL;Lübsche Straße;161;23966;Wismar;53.8944855;11.440239
552;STAR TANKSTELLE;STAR;Stavenhagener Straße;23a;17109;Demmin;53.893673;13.039193
553;AVIA Automatenstation;AVIA;Gewerbestraße;15;18299;Laage;53.891205;12.24949
554;AVIA-Automatenstation;AVIA;Posener Straße;20a;23554;Lübeck;53.89074;10.692244
555;TOTAL WISMAR;TOTAL;DR.-LEBER-STR.;8;23966;WISMAR;53.8903;11.471393
556;Kritzow, Karpendiek 1;HEM;Karpendiek;1;23970;Kritzow;53.889973;11.530833
557;G. Müller GmbH;freie Tankstelle;Itzehoer Str.;14;25578;Dägeling;53.889921;9.520635
558;famila Tankstelle;FAMILA;Ravensbusch;12;23617;Stockelsdorf;53.88978;10.64216
559;AVIA Tankstelle;AVIA;Forstmeisterweg;85;23568;Lübeck;53.888878;10.710443
560;TOTAL STOCKELSDORF;TOTAL;SEGEBERGER STR.;55 A;23617;STOCKELSDORF;53.887794;10.644623
561;team Tankstelle Lübeck Posener Str.;team;Posenerstr.;5;23554;Lübeck;53.8854;10.688
562;Luebeck, Krempelsdorfer Allee 78-80;SB;Krempelsdorfer Allee 78-80;"";23556;Luebeck;53.8853;10.6539
563;WISMAR, SCHWERINER STR;Shell;SCHWERINER STR. 20;"";23970;Wismar;53.885205;11.462882
564;Aral Tankstelle;ARAL;Krempelsdorfer Allee;63;23556;Lübeck;53.8844757;10.6538038
565;Esso Tankstelle;ESSO;AN DER B104, NR. 1; ;23923;SELMSDORF;53.883316;10.822831
566;LÜBECK, SCHWARTAUER ALLEE 165;Shell;SCHWARTAUER ALLEE 165;"";23554;LUEBECK;53.882709;10.679163
567;Esso Tankstelle;ESSO;TRAVEMUENDER ALLEE 28; ;23568;LUEBECK;53.882584;10.704048
568;JET LUEBECK KREMPELSDORFER ALLEE 38;JET;KREMPELSDORFER ALLEE 38;;23556;LUEBECK;53.8819;10.6583
569;Kritzkow;Hoyer;An der Chaussee;"";18299;Kritzkow;53.881802;12.2474
570;Holger Stoschuss;freie Tankstelle;Dorfstr.;6;25569;Kremperheide;53.881573;9.479583
571;René Mrosek;NORDOEL;Querstr.;3;23966;Wismar;53.88056;11.453512
572;AVIA Tankstelle;AVIA;Bei der Lohmühle;19;23554;Lübeck;53.880325;10.672219
573;Wismar (23970), Querstr. 1;team;Querstr. ;1;23970;Wismar;53.8789;11.4546
574;Kassow;Hoyer;Hauptstr.;43;18258;Kassow;53.877602;12.0726
575;star Tankstelle;STAR;Bei der Lohmühle;54;23554;Lübeck;53.8776;10.66849
576;JET LUEBECK WARENDORPPLATZ 1;JET;WARENDORPPLATZ 1;;23554;LUEBECK;53.87758051;10.67830852
577;CUXHAVEN, STRICHWEG;Shell;STRICHWEG 50;"";27472;CUXHAVEN;53.875876;8.689071
578;AVIA Tankstelle;AVIA;Falkenstraße;62;23564;Lübeck;53.8748;10.69486
579;Esso Tankstelle;ESSO;B110; ;17406;USEDOM;53.873823;13.90816
580;Esso Tankstelle;ESSO;FALKENSTR. 33; ;23564;LUEBECK;53.870975;10.69781
581;Aral Tankstelle;ARAL;Fackenburger Allee;20;23554;Lübeck;53.87046;10.6700163
582;AVIA Tankstelle;AVIA;Marlistraße;40;23566;Lübeck;53.870434;10.711442
583;star Tankstelle;STAR;Hamburger Strasse;20;23816;Leezen;53.86894;10.25313
584;AVIA-Automatenstation;AVIA;Taschenmacherstr.;18;23556;Lübeck;53.8661;10.60304
585;Esso Tankstelle;ESSO;WERNER-KAMMANN-STR. 3-7; ;27472;CUXHAVEN;53.86574389;8.69646579
586;team Tankstelle Lübeck Schlutuper;team;Schlutuper Str.;33;23566;Lübeck;53.8656;10.7301
587;TOTAL GREVESMUEHLEN;TOTAL;WISMARSCHE STR.;153 A;23936;GREVESMUEHLEN;53.86538;11.209656
588;GREVESMÜHLEN, LÜBECKER STRAS.;Shell;LÜBECKER STRASSE 25;"";23936;GREVESMÜHLEN;53.864717;11.172188
589;Diane Junker;NORDOEL;Lübecker Straße;19;23936;Grevesmühlen;53.8647;11.17514
590;star Tankstelle;STAR;Walderseestraße;19-29;23566;Lübeck;53.86373;10.71249
591;Neukloster;Hoyer;Reinstorfer Str.;4;23992;Neukloster;53.860523;11.675911
592;Neukloster, Reinstorfer Str. 9a;HEM;Reinstorfer Str.;9a;23992;Neukloster;53.860306;11.676482
593;CUXHAVEN, BROCKESWALDER CHAUSSEE;Shell;BROCKESWALDER CHAUSSEE 40/42;"";27474;CUXHAVEN;53.8598;8.67644
594;LÜBECK, ZIEGELSTRAßE 167.;Shell;ZIEGELSTR. 167;"";23556;LUEBECK;53.859604;10.646599
595;JET CUXHAVEN WESTERWISCHWEG 103;JET;WESTERWISCHWEG 103;;27474;CUXHAVEN;53.859504;8.682633
596;Neuenbrook;Hoyer;Grüner Weg;2;25578;Neuenbrook;53.8582;9.533464
597;OIL! Tankstelle Anklam;OIL!;Ravelinstr. 13;;17389;Anklam;53.8582;13.6919
598;LÜBECK, BRANDENBAUMER LDSTR;Shell;BRANDENBAUMER LDSTR. 117;"";23566;LUEBECK;53.8579;10.7341
599;CITTI Tankstelle;CITTI;Herrenholz 14;;23556;Lübeck;53.857068;10.628232
600;Demminer Land;ESSO;Am großen Torfmoor;1;17129;Völschow;53.856514;13.3339863
601;LUEBECK, PADELUEGGER WEG;Shell;PADELUEGGER WEG 41;"";23556;LUEBECK;53.8561;10.6361
602;Lübeck;Hoyer;Ziegelstr.;232;23556;Lübeck;53.854698;10.6366
603;Cuxhaven;SCORE;Suederwisch;30;27474;Cuxhaven;53.854128;8.687394
604;Aral Tankstelle;ARAL;Grodener Chaussee;52;27472;Cuxhaven;53.85306;8.711241
605;Dorf Mecklenburg, Akazienstr. 1;HEM;Akazienstr.;1;23972;Dorf Mecklenburg;53.852432;11.45646
606;OIL! Tankstelle Westerhorn;OIL!;Bahnhofstraße 14;;25364;Westerhorn;53.8523;9.67922
607;star Tankstelle;STAR;Kalte Weide;4;24641;Stuvenborn;53.851;10.12074
608;OIL! Tankstelle Lübeck;OIL!;Moislinger Allee 220;;23558;Lübeck;53.8503;10.6476
609;JET CUXHAVEN PAPENSTR. 121;JET;PAPENSTR. 121;;27472;CUXHAVEN;53.8502;8.71836
610;Lübeck, Geniner Str. 72-74;HEM;Geniner Str.;72-74;23560;Lübeck;53.848778;10.675396
611;star Tankstelle;STAR;Geniner Strasse;137;23560;Lübeck;53.84869;10.67736
612;Esso Tankstelle;ESSO;PAPENSTR. 71; ;27472;CUXHAVEN;53.84775;8.725758
613;LÜBECK, KRONSFORDER ALLEE.;Shell;KRONSFORDER ALLEE 62-64;"";23560;LUEBECK;53.8475;10.6841
614;TOTAL BUETZOW;TOTAL;WISMARSCHE STR.;"";18246;BUETZOW;53.8475;11.959999
615;Esso Tankstelle;ESSO;ALTENWALDER CHAUSSEE 111; ;27474;CUXHAVEN;53.847001;8.685481
616;Esso Tankstelle;ESSO;RATZEBURGER ALLEE 98; ;23562;LUEBECK;53.845273;10.707484
617;Anklam, Lübecker Str. 18;SB;Lübecker Str.;18;17389;Anklam;53.84476;13.685467
618;team Tankautomat Güstrow;team;Lagerstr.;11;18273;Güstrow;53.8447;12.1492
619;team Tankautomat Cuxhaven;team;Abschnede;210;27472;Cuxhaven;53.8444;8.69113
620;Aral Tankstelle;ARAL;Friedländer Landstr.;21a;17389;Anklam;53.843132;13.6847181
621;Hans Klüver Kfz- Service;Tankstelle Klüver;Hauptstr.;7;25361;Steinburg;53.842262;9.563328
622;Aral Tankstelle;ARAL;Ratzeburger Allee;116;23562;Lübeck;53.84122;10.7079039
623;KALTENKIRCHEN, KIELER STR;Shell;KIELER STR. 40;"";24568;KALTENKIRCHEN;53.840858;9.948345
624;Aral Tankstelle;ARAL;Kieler Straße;51-53;24568;Kaltenkirchen;53.8407631;9.948165
625;star Tankstelle;STAR;Kronsforder Allee;126;23560;Lübeck;53.84076;10.67721
626;Aral Tankstelle;ARAL;BAB A;19-West;18276;Recknitz;53.84004;12.2912493
627;Aral Tankstelle;ARAL;BAB A;19-Ost;18276;Recknitz;53.8399429;12.2878094
628;Schönberg, An der B104;HEM;An der B104;;23923;Schönberg;53.838417;10.947119
629;TOTAL ANKLAM;TOTAL;PASEWALKER ALLEE;95 A;17389;ANKLAM;53.836487;13.715871
630;Heizöl Handel Herr;Freie Tankstelle;Am Flugplatz ;1;17389;Anklam ;53.835715;13.678408
631;Esso Tankstelle;ESSO;TARNOWER CHAUSSEE 1 A; ;18246;BUETZOW;53.83253;11.992595
632;Lübeck, Oslostr. 2;HEM;Oslostr.;2;23560;Lübeck;53.832214;10.650969
633;OIL! Tankstelle Upahl;OIL!;Grevesmühlener Strasse 6;;23936;Upahl;53.8299;11.2106
634;Neukalen;Hoyer;Gewerbegebiet Nord;5;17154;Neukalen;53.829899;12.7919
635;famila Tankstelle;FAMILA;Kisdorfer Weg;13;24568;Kaltenkirchen;53.82952;9.97833
636;star Tankstelle;STAR;Hauptstrasse;2a;27478;Cuxhaven- Altenwalde;53.82917;8.67067
637;AVIA XPress Automatenstation;AVIA;Tarnower Chaussee;3;18246;Bützow;53.826466;11.994499
638;Esso Tankstelle;ESSO;HAMBURGER CHAUSSEE 1; ;23858;REINFELD;53.825665;10.497967
639;Freiburg (Elbe);Hoyer;An der Börne;1-5;21729;Freiburg (Elbe);53.8242;9.28791
640;Aral Tankstelle;ARAL;An der Autobahn Nr.;2;23858;Reinfeld;53.8235779;10.5040979
641;JET REINFELD AN DER AUTOBAHN 1;JET;AN DER AUTOBAHN 1;;23858;REINFELD;53.82302012;10.50425908
642;SVG Automatenstation Reinfeld;SVG;Stubbendorfer Ring;5;23858;Reinfeld;53.822158813477;10.508817672729
643;Raiffeisen Weser-Elbe eG;Raiffeisen;Bahnhofstr.;35;21729;Freiburg;53.8216;9.28236
644;CLASSIC Cuxhaven-Altenwalde;CLASSIC;Hauptstr.;86;27478;Cuxhaven;53.8185;8.66389
645;SCHOENBERG NORD A 20;Shell;Schönberger LAND 1;"";23923;Niendorf;53.815773;10.878105
646;SCHOENBERG SUED A 20.;Shell;SCHOENBERGER LAND 2;"";23923;Niendorf;53.814671;10.878351
647;Aral Tankstelle;ARAL;Am Eicheneck;7;18273;Güstrow;53.8095932;12.1898346
648;Otterndorf;SCORE;Stader Straße;48;21762;Otterndorf;53.809324;8.912507
649;JET GUESTROW ROSTOCKER CHAUSSEE 10;JET;ROSTOCKER CHAUSSEE 10;;18273;GUESTROW;53.8087;12.1879
650;OIL! Tankstelle Horst;OIL!;Elmshorner Str. 33;;25358;Horst;53.8086;9.62202
651;ITZSTEDT, SEGEBERGERSTR;Shell;SEGEBERGERSTR. 29;"";23845;ITZSTEDT;53.808423;10.158895
652;Nordoel Tankstelle  Marco Weber;"";Rostocker Chaussee ;4;18273;Güstrow;53.80677;12.18491
653;team Tankstelle Otterndorf;team;Cuxhavener Str.;31;21762;Otterndorf;53.8067;8.89132
654;Boie;AVIA;Heidenholzstraße ;2;17166;Teterow;53.806484;12.148926
655;AVIA Automatenstation;Tankstelle;Henstedter Straße;2;24629;Kisdorf;53.806347;10.003866
656;Boie;AVIA;Parumer Weg;35;18273;Güstrow;53.806293;12.148828
657;AVIA Automatenstation;AVIA;Am Augraben;11;18273;Güstrow;53.805016;12.245005
658;Bad Oldesloe, Ratzeburger Str. 98;HEM;Ratzeburger Str.;98;23843;Bad Oldesloe;53.804577;10.39783
659;Aral Tankstelle;ARAL;Rudolf-Diesel-Straße;2;24558;Henstedt-Ulzburg;53.80396;9.939107
660;team Tankstelle Bad Oldesloe;team;Hamburger Str.;75;23843;Bad Oldesloe;53.8033;10.364
661;Aral Tankstelle;ARAL;Hamburger Straße;110;23843;Bad Oldesloe;53.80307;10.3590536
662;Supermarkt-Tankstelle am real,- Markt HENSTEDT ULZBURG GUTENBERGSTRASSE 7A;Supermarkt-Tankstelle am real,- Markt;GUTENBERGSTRASSE 7A;;24558;HENSTEDT ULZBURG;53.8025;9.98113
663;BAD OLDESLOE, INDUSTRIESTR;Shell;INDUSTRIESTR. 5;"";23843;Bad Oldesloe;53.8023;10.3863
664;Markenfreie TS BAD OLDESLOE;Markenfreie TS;INDUSTRIESTR.;4;23843;BAD OLDESLOE;53.801945;10.385834
665;Tank&Wasch Service Prehn;Freie Tankstelle Prehn;Ziegelberg;13;19417;Warin;53.801126;11.718949
666;Bad Oldesloe;Hoyer;Hermann-Bössow-Str.;2;23843;Bad Oldesloe;53.800499;10.4045
667;OIL! Tankstelle GÃ¼strow;OIL!;Glasewitzer Chaussee 60;;18273;GÃ¼strow;53.7987;12.226
668;Güstrow, Verbindungschaussee 8c;HEM;Verbindungschaussee;8c;18273;Güstrow;53.798294;12.201562
669;star Tankstelle;STAR;Wiebeke-Kruse-Strasse;1;25348;Glückstadt;53.79768;9.43564
670;Aral Tankstelle;ARAL;Segeberger Straße;42;23866;Nahe;53.7957344;10.14146
671;Sprint Niendorf An der B 106;Sprint;An der B 106;"";23996;Niendorf;53.7953;11.4339
672;Aral Tankstelle;ARAL;Hamburger Straße;123;24558;Henstedt-Ulzburg;53.7869873;9.979266
673;Esso Tankstelle;ESSO;MOLTKESTR. 44; ;25355;BARMSTEDT;53.78692;9.754781
674;JET HENSTEDT ULZBURG HAMBURGER STR. 48;JET;HAMBURGER STR. 48;;24558;HENSTEDT ULZBURG;53.786;9.97756
675;TOTAL GUESTROW;TOTAL;PLAUER CHAUSSEE;2;18273;GUESTROW;53.785603;12.20558
676;TOTAL TETEROW;TOTAL;BRIKETTWEG;1;17166;TETEROW;53.7847;12.570292
677;Aral Tankstelle;ARAL;Hamburger Straße;65;25355;Barmstedt;53.7843475;9.788203
678;TOTAL REHNA;TOTAL;GLETZOWER STR.;62 B;19217;REHNA;53.7819;11.04558
679;Tanklager Baack;Tanklager Baack;Kiebitzreiher Chaussee;4;25358;Horst-Hahnenkamp;53.781569;9.639424
680;Aral Tankstelle;ARAL;Stadtstraße;31;25348;Glückstadt;53.78092;9.430447
681;OIL! Tankstelle Bokholt-Hanredder;OIL!;Offenau 28;;25335;Bokholt-Hanredder;53.777;9.69974
682;Aral Tankstelle;ARAL;Poggestraße;17;17166;Teterow;53.7769547;12.5634956
683;CLASSIC Nordholz;CLASSIC;Mühlenstr.;30;27639;Wurster Nordseeküste (Nordholz);53.7764;8.59018
684;WURSTER NORDSEEKUESTE, BUNDESSTR. 20 A;Shell;BUNDESSTR. 20 A;"";27639;WURSTER NORDSEEKUESTE;53.775256;8.637043
685;OIL! Tankstelle Wischhafen;OIL!;Birkenstr. 80;;21737;Wischhafen;53.7752;9.28559
686;Stader Saatzucht eG;Raiffeisen;Gewerbestr.;1;21781;Cadenberge;53.7748;9.05542
687;Esso Tankstelle;ESSO;FRIEDRICH-POGGE-WEG 60; ;18273;GUESTROW;53.77317;12.165912
688;star Tankstelle;STAR;An der B 96;"";17089;Burow;53.77305;13.26711
689;Susanne Hagemeister;NORDOEL;Hauptstraße;24;23627;Groß Sarau;53.77213;10.737901
690;CADENBERGE, STADER STR;Shell;STADER STR. 21;"";21781;CADENBERGE;53.76796;9.06379
691;ELMENHORST, BUNDESSTR;Shell;BUNDESSTR. 20;"";23869;ELMENHORST;53.7653;10.2628
692;OIL! Tankstelle Mühlengeez;OIL!;Tarnowerweg 4;;18276;Mühlengeez;53.7641;12.0489
693;Aral Tankstelle;ARAL;Friedensallee;92;25335;Elmshorn;53.7638474;9.662711
694;Helmut Wrage GmbH;SHELL;Hamburger Str. /Edisonstr.;13;24558;Henstedt-Ulzburg;53.76335;9.980336
695;star Tankstelle;STAR;Zu den Wiesen;1;18279;Lalendorf;53.75731;12.3781
696;star Tankstelle;STAR;Köllner Chaussee;98;25337;Elmshorn;53.7554;9.68077
697;bft Ducherow;bft;Karl-Marx-Str.;25;17398;Ducherow;53.7554;13.777
698;TOTAL ELMSHORN;TOTAL;TURNSTR.;3;25335;ELMSHORN;53.754604;9.641849
699;HENSTEDT-ULZBURG, MIDDELWEG.;Shell;MIDDELWEG 1;"";24558;HENSTEDT-ULZBURG;53.753812;9.996188
700; Dorothea Ryman;SHELL;Segeberger Str.;26;23863;Kayhude;53.75297;10.12811
701;QUICKBORN, FRIEDRICHSGABER STR.;Shell;FRIEDRICHSGABER STR. 19;"";25451;QUICKBORN;53.74999;9.934305
702;Elmshorn, Berliner Str. 15;HEM;Berliner Str.;15;25336;Elmshorn;53.749893;9.660104
703;star Tankstelle;STAR;Hamburger Strasse;141;25337;Elmshorn;53.74973;9.68062
704;ELMSHORN, HAMBURGER STR.;Shell;HAMBURGER STR. 130;"";25337;Elmshorn;53.74965;9.68189
705;JET ELMSHORN HAMBURGER STR. 110;JET;HAMBURGER STR. 110;;25337;ELMSHORN;53.7494;9.67877
706;BMÖ Tankstelle Schmidt;Bremer Mineralölhandel GmbH;Wanhödener Str.;223;27637;Nordholz;53.749301;8.690668
707;Markus Christoph;NORDOEL;Hamburger Str.;100;25337;Elmshorn;53.74892;9.6777
708;Esso Tankstelle;ESSO;REICHENSTR. 12-14; ;25336;ELMSHORN;53.748865;9.657759
709;star Tankstelle;STAR;An der Bäk;2;23847;Kastorf;53.74827;10.56557
710;Esso Tankstelle;ESSO;HAMBURGER STR. 211; ;25337;ELMSHORN;53.748216;9.694017
711;Aral Tankstelle;ARAL;Werner-von-Siemens-Straße;"";25337;Elmshorn;53.7455254;9.705794
712;TANGSTEDT, DORFRING.;Shell;DORFRING 22;"";22889;TANGSTEDT;53.745522;10.06362
713;famila Tankstelle;FAMILA;Pascalstrasse;9;25442;Quickborn;53.74215;9.94124
714;Aral Tankstelle;ARAL;Poststrasse;21;17139;Malchin;53.74163;12.7665958
715;Elmshorn, Ramskamp 67;HEM;Ramskamp;67;25337;Elmshorn;53.741505;9.697177
716;Sprint Malchin Stavenhagener Str.;Sprint;Stavenhagener Str.;41;17139;Malchin;53.737099;12.7797
717;Benjamin Bauß;SHELL;Lübecker Str.;46;22941;Bargteheide;53.73645;10.2625
718;Ueckermünde, Belliner Str. 92;HEM;Belliner Str.;92;17373;Ueckermünde;53.736015;14.091157
719;OIL! Tankstelle Berkenthin;OIL!;Oldesloer Straße 1;;23919;Berkenthin;53.7343;10.6433
720;Brueel, Sternberger Str. /B.;SB;Sternberger Str. /B 104 104;"";19412;Brueel;53.7339;11.7202
721;Gasolin Tankstelle;Gasolin;Chausseestraße;71;17373;Ueckermünde;53.73257;14.0299768
722;JET QUICKBORN KIELER STR. 87;JET;KIELER STR. 87;;25451;QUICKBORN;53.7308;9.89597
723;TOTAL BRUEEL;TOTAL;AM KREUZSEE;1;19412;BRUEEL;53.729393;11.690909
724;Quickborn , Harksheider Weg 87;bft;Harksheider Weg 87;"";25451;Quickborn ;53.727945;9.911984
725;Aral Tankstelle;ARAL;Ulzburger Straße;440;22844;Norderstedt;53.7276344;9.997779
726;Bargteheide, Hamburger Str. 22;HEM;Hamburger Str.;22;22941;Bargteheide;53.725388;10.256193
727;Tankcenter QUICKBORN;Tankcenter;KIELER STR.;32-34;25451;QUICKBORN;53.724403;9.900463
728;Aral Tankstelle;ARAL;Hamburger Straße;35;22941;Bargteheide;53.7242546;10.2553787
729;Esso Tankstelle;ESSO;LIEPGARTENER STR. 96; ;17373;UECKERMUENDE;53.72264;14.03057
730;AVIA Tankstelle;AVIA;Lohe;60;22941;Bargteheide;53.72227;10.269002
731;TOTAL QUICKBORN;TOTAL;BAB HOLMMOORWEG WEST/A  7;"";25451;QUICKBORN;53.7186;9.937792
732;Aral Tankstelle;ARAL;Lise-Meitner-Allee;3;25436;Tornesch;53.71812;9.759808
733;Esso Tankstelle;ESSO;HOLMMOOR OSTSEITE; ;25451;QUICKBORN;53.716314;9.939607
734;Aral Tankstelle;ARAL;Theisbrügger Straße;1;21706;Drochtersen;53.71535;9.372777
735;star Tankstelle;STAR;Ulzburger Str.;274;22846;Norderstedt;53.70968;9.99927
736;TOTAL STERNBERG;TOTAL;AN DER BRUEELER CH.;12;19406;STERNBERG;53.709396;11.811795
737;Hamburg;Hoyer;Duvenstedter Damm;48;22397;Hamburg;53.7075;10.1101
738;Grüning Automobile;Grüning Automobile Krempel;Ortsallee;21;27607;Stadt Geestland;53.706767;8.701941
739;OIL! Tankstelle Drochtersen;OIL!;Werkstrasse 1;;21706;Drochtersen;53.706;9.39709
740;star Tankstelle;STAR;Hamburger Strasse;1;22941;Delingsdorf;53.70553;10.2521
741;Holger Kriese;NORDOEL;Alter Kirchenweg;21;22844;Norderstedt;53.70491;10.003212
742;OIL! Tankstelle Sternberg;OIL!;Parchimer Str. 7;;19406;Sternberg;53.7023;11.8309
743;OIL! Tankstelle Norderstedt;OIL!;Segeberger Chaussee 359;;22851;Norderstedt;53.7019;10.0572
744;Stader Saatzucht eG;Raiffeisen;Dorfstr.;22;21745;Hemmoor-Westersode;53.7014;9.11436
745;TOTAL STAVENHAGEN;TOTAL;MALCHINER STR.;81;17153;STAVENHAGEN;53.700237;12.897695
746;Ratzeburg, Bahnhofsallee 50;HEM;Bahnhofsallee;50;23909;Ratzeburg;53.69983;10.734662
747;TORNESCH, AHRENLOHER STR. 47.;Shell;AHRENLOHER STR. 47;"";25436;Tornesch;53.699623;9.721027
748;Tankstelle;UNITOL;Lüneburger Damm;11;23909;Ratzeburg;53.699203;10.761696
749;star Tankstelle;STAR;Bahnhofsallee;38;23909;Ratzeburg;53.69895;10.74302
750;Esso Tankstelle;ESSO;HAUPTSTR. 85; ;21745;HEMMOOR;53.698938;9.141365
751;JET NORDERSTEDT ULZBURGER STR. 150;JET;ULZBURGER STR. 150;;22850;NORDERSTEDT;53.69767;9.99453
752;Aral Tankstelle;ARAL;Ratzeburger Chaussee;3;19205;Gadebusch;53.6970749;11.1022482
753;Aral Tankstelle, BAT BUDDIKATE WEST;ARAL;A;1/Westseite;22965;Todendorf-W;53.6936226;10.3217134
754;Norderstedt, Ulzburger Str. 110;HEM;Ulzburger Str.;110;22850;Norderstedt;53.69334;9.994959
755;Markus Christoph;NORDOEL;Reuterstr.;90;25436;Uetersen;53.693287;9.654621
756;Aral Tankstelle;ARAL;Schweriner Straße;75;23909;Ratzeburg;53.69291;10.78774
757;Esso Tankstelle;ESSO;BAB A1; ;22965;TODENDORF;53.692476;10.322486
758;MHK Mühlenhof Kleeth GmbH;SHELL;Fritz Reuter Str.;1-3;17087;Altentreptow;53.69233;13.25631
759;Carolinensiel;SCORE;Lotsenweg;2;26409;Carolinensiel;53.691203;7.818616
760;Raiffeisen Mölln GmbH & Co. KG;Raiffeisen;Schweriner Str.;86;23909;Ratzeburg;53.6912;10.8021
761;OIL! Tankstelle Norderstedt;OIL!;Ulzburger Straße 101;;22850;Norderstedt;53.691;9.99571
762;AVIA XPress Automatenstation;AVIA;Dorfstraße;5;22964;Steinburg;53.690792;10.393275
763;famila Tankstelle;FAMILA;Kornkamp;50;22926;Ahrensburg;53.69071;10.25421
764;ELAN NORDERSTEDT;ELAN;SEGEBERGER CH.;240;22851;NORDERSTEDT;53.690376;10.041592
765;Reuterstadt Stavenhagen, Werdohler Str. 2;HEM;Werdohler Str.;2;17153;Reuterstadt Stavenhagen;53.68856;12.919021
766;Esso Tankstelle;ESSO;HAUPTSTR. 52; ;23898;SANDESNEBEN;53.688311;10.491578
767;star Tankstelle;STAR;Speckenstraße;54;27639;Wurster Nordseeküste;53.68731;8.57769
768;AGRAVIS Ems-Jade GmbH;Raiffeisen;Groß-Charlotten-Groden;;26409;Wittmund-Carolinensiel;53.6873;7.7854
769;star Tankstelle;STAR;Wether Strasse;41;21706;Drochtersen-Assel;53.68723;9.44915
770;RAMPE, CAMBSER STR.;Shell;CAMBSER STR. 25;"";19067;RAMPE;53.6871;11.4882
771;OIL! Tankstelle Uetersen;OIL!;Schanzenstr. 4-6;;25436;Uetersen;53.6869;9.67237
772;Kummerfeld, Bundesstr. 32;HEM;Bundesstr.;32;25495;Kummerfeld;53.6868;9.792267
773;Raiffeisen Weser-Elbe eG;Raiffeisen;Berliner Straße;1-3;27639;Wurster Nordseeküste (Dorum);53.6867;8.5716
774;Norderstedt, Tangstedter Landstr. 516;HEM;Tangstedter Landstr.;516;22851;Norderstedt;53.68593;10.035195
775;OIL! Tankstelle Altentreptow;OIL!;Gewerbehof 1;;17087;Altentreptow;53.6859;13.2637
776;Horumersiel;SCORE;Goldstr.;40;26434;Horumersiel;53.685462;8.006006
777;star Tankstelle;STAR;Jahnstrasse;3;25436;Uetersen;53.68525;9.67449
778;star Tankstelle;STAR;Ueckermünder Str.;36;17367;Eggesin;53.68505;14.07973
779;Gadebusch, Am Kalkbruch 2;HEM;Am Kalkbruch;2;19205;Gadebusch;53.68487;11.134461
780;NORDERSTEDT, SEGEBERGER CHAU.;Shell;SEGEBERGER CHAUSSEE 69-71;"";22850;Norderstedt;53.683387;10.011698
781;Esso Tankstelle;ESSO;OCHSENZOLLER STR. 131; ;22848;NORDERSTEDT;53.681803;9.985981
782;Stader Saatzucht eG;Raiffeisen;Stader Straße;40;21745;Hemmoor;53.6812;9.17959
783;Michael Strnad;Lotherol;Reeshoop;47;22926;Ahrensburg;53.6799;10.23426
784;von Holten;freie Tankstelle;Dorfstr.;5;21712;Großenwörden;53.679098;9.260799
785;Kattners Freie Tankstelle;Kattner's Freie Tankstelle GmbH;Flensburger Strasse;20;25421;Pinneberg;53.676715;9.797946
786;Raiffeisen Tankstelle;Raiffeisen;Dorfstraße;23;27607;Langen;53.6767;8.68225
787;Holzendorf, Dorfstr. 8b;HEM;Dorfstr.;8b;19406;Holzendorf;53.676582;11.874316
788;star Tankstelle;STAR;Reeshoop;7;22926;Ahrensburg;53.67559;10.23676
789;Eggesin, Friedrich Engels Str. 1b;HEM;Friedrich Engels Str.;1b;17367;Eggesin;53.675003;14.097916
790;Tankcenter PINNEBERG;Tankcenter;ELMSHORNER STR.;143-147;25421;PINNEBERG;53.6748;9.793537
791;star Tankstelle;STAR;Hauptstrasse;1;26427;Bensersiel;53.6746;7.57334
792;NORDERSTEDT, OHECHAUSSEE;Shell;OHECHAUSSEE 117;"";22848;NORDERSTEDT;53.6743;9.98694
793;JET HAMBURG BERGSTEDTER CHAUSSEE 175;JET;BERGSTEDTER CHAUSSEE 175;;22395;HAMBURG;53.6735;10.1318
794;team Tankstelle Prisdorf;team;Peiner Hag;1;25497;Prisdorf;53.6725;9.77248
795;Aral Tankstelle;ARAL;Niendorfer Straße;50;22848;Norderstedt;53.6725;9.968369
796;Aral Tankstelle;ARAL;Ohechaussee;146;22848;Norderstedt;53.6719933;9.98336
797;MOORREGE, WEDELER CHAUSSEE 5.;Shell;WEDELER CHAUSSEE 56;"";25436;Moorrege;53.671275;9.673695
798;JET HAMBURG TANGSTEDTER LANDSTR. 433;JET;TANGSTEDTER LANDSTR. 433;;22417;HAMBURG;53.67123;10.02602
799;star Tankstelle;STAR;Mulsumer Landstraße;27;27639;Wurster Nordseeküste;53.67045;8.54771
800;Aral Tankstelle;ARAL;Manhagener Allee;47-49;22926;Ahrensburg;53.6695366;10.2439547
801;Danz KFZ-Service;BFT;Anklamer Str. ;10;17379;Ferdinandshof;53.668118;13.888247
802;Aral Tankstelle;ARAL;Elmshornerstraße;42;25421;Pinneberg;53.6670876;9.794036
803;Tankcenter HAMBURG;Tankcenter;BERGSTEDTER CH.;56;22395;HAMBURG;53.66429;10.119988
804;Friedland, Neubrandenburgerstr.63;SB;Neubrandenburgerstr.63;"";17098;Friedland;53.663202;13.544045
805;AHRENSBURG, HAMBURGER STR;Shell;HAMBURGER STR. 165;"";22926;AHRENSBURG;53.6631;10.2199
806;HAMBURG, HARKSHEIDER STR.;Shell;HARKSHEIDER STR 35;"";22399;HAMBURG;53.6628;10.0789
807;Schwerin;Hoyer;Am Margaretenhof;"";19057;Schwerin;53.661598;11.3592
808;BOENNINGSTEDT, KIELER STR;Shell;KIELER STR. 70;"";25474;BOENNINGSTEDT;53.661522;9.906862
809;Tankstelle mit Waschservice;Freie Tankstelle;Goerslower Strasse ;10;19067;Leezen;53.66131;11.499478
810;JET HAMBURG LANGENHORNER CHAUSSEE 393;JET;LANGENHORNER CHAUSSEE 393;;22419;HAMBURG;53.6605;10.0023
811;Aral Tankstelle;ARAL;Neubrandenburger Str.;10;17098;Friedland;53.6604919;13.5419731
812;OIL! Tankstelle Appen;OIL!;Hauptstraße 82;;25482;Appen;53.6599;9.73545
813;Tankshop TS Hohenkirchen;Heinrich Albers OHG;Jeversche Str.;46;26434;Hohenkirchen;53.658631;7.915108
814;Pinneberg, Saarlandstr. 2;HEM;Saarlandstr.;2;25421;Pinneberg;53.658524;9.78713
815;Raiffeisen Mölln GmbH & Co. KG;Raiffeisen;Haupstr.;6a;23896;Nusse;53.6584;10.5785
816;JET PINNEBERG DAMM 52;JET;DAMM 52;;25421;PINNEBERG;53.6581;9.80898
817;bft Tankstelle;bft;Mühlenstraße;96;25421;Pinneberg;53.6577;9.7768
818;OIL! Tankstelle Nusse;OIL!;Koberger Straße 1;;23896;Nusse;53.6571;10.5797
819;Tankcenter PINNEBERG;Tankcenter;DAMM;80;25421;PINNEBERG;53.656765;9.812716
820;Sönlyn Markwardt;NORDOEL;Schweriner Str.;29;19209;Lützow;53.65605;11.18419
821;Raiffeisen Mölln GmbH & Co. KG;Raiffeisen;Hamburger Str.;58;22952;Lütjensee;53.656;10.3681
822;Aral Tankstelle;ARAL;Hauptstraße;110;25462;Rellingen;53.6547852;9.823491
823;Schwerin, Wismarschestr.;SB;Wismarschestr. 392;"";19055;Schwerin;53.6543;11.4045
824;HAMBURG, SASELER CHAUSSEE;Shell;SASELER CHAUSSEE 209;"";22393;HAMBURG;53.653847;10.106615
825;Autohaus Janssen GmbH;freie Tankstelle;Bensersieler Str.;31;26427;Esens;53.652932;7.61003
826;H. Müller GmbH;SHELL;Hamburger Str.;43;22952;Lütjensee;53.652473;10.364482
827;HAMBURG, CLAUS-FERCK-STR.;Shell;CLAUS-FERCK-STR 31;"";22359;HAMBURG;53.651635;10.164713
828;Stader Saatzucht eG;Raiffeisen;Alte Chaussee;127;21683;Stade-Bützfleth;53.6514;9.48273
829;Schwerin, Wismarsche Str. 376;HEM;Wismarsche Str.;376;19055;Schwerin;53.650818;11.405273
830;OIL! Tankstelle Hamburg;OIL!;Tangstedter Landstr. 65;;22415;Hamburg;53.6504;10.0176
831;Esso Tankstelle;ESSO;SIEKER LANDSTR. 178; ;22927;GROSSHANSDORF;53.649834;10.268793
832;Aral Tankstelle;ARAL;PoppenbüttelerWeg;126;22399;Hamburg;53.64973;10.0644188
833;CLASSIC Hamburg;CLASSIC;Langenhorner Chaussee;216;22415;Hamburg;53.6496;10.0096
834;TOTAL HAMBURG;TOTAL;KROHNSTIEG;71-75;22415;HAMBURG;53.648327;10.005961
835;PINNEBERG, RELLINGER STR.47.;Shell;RELLINGER STR. 47-51;"";25421;Pinneberg;53.6482;9.82024
836;HAMBURG, EULENKRUGSTR.;Shell;EULENKRUGSTR. 72;"";22359;HAMBURG;53.64774;10.170564
837;JET HAMBURG POPPENBUETTELER WEG 92;JET;POPPENBUETTELER WEG 92;;22339;HAMBURG;53.64738;10.05761
838;Pinneberg (25421), Westring 2;famila Nordost;Westring ;2;25421;Pinneberg;53.647;9.77016
839;OIL! Tankstelle Lütjensee;OIL!;Hamburger Straße 5;;22952;Lütjensee;53.6459;10.3612
840;TOTAL SCHWERIN;TOTAL;LUEBECKER STR.;283;19059;SCHWERIN;53.6456;11.382792
841;TOTAL KRAKOW AM SEE;TOTAL;PLAUER CHAUSSEE;"";18292;KRAKOW AM SEE;53.6456;12.260689
842;Autohaus Konrad Wittig;freie Tankstelle;Schatthauser Str.;11;26553;Dornum;53.64559;7.427361
843;TS Dornum;Freie Tankstelle Rolfes;Schatthauser Str.;3;26553;Dornum;53.645581;7.428719
844;Dornum I;SCORE;Schatthauser Straße;11;26553;Dornum;53.64555;7.42736
845;Dornum;SCORE;Schatthauser Str.;3;26553;Dornum;53.645434;7.429733
846;Tankcenter PINNEBERG;Tankcenter;THESDORFER STR.;194;25421;PINNEBERG;53.644684;9.805819
847;Aral Tankstelle;ARAL;Meiendorfer Mühlenweg;6A;22393;Hamburg;53.6444969;10.1224451
848;star Tankstelle;STAR;Langenhorner Chaussee;141;22415;Hamburg;53.64434;10.01299
849;Aral Tankstelle;ARAL;Sieker Landstraße;235;22927;Großhansdorf;53.64426;10.2787943
850;Aral Tankstelle;ARAL;Güstrower Straße;32;19055;Schwerin;53.6434479;11.4247847
851;Aral Tankstelle;ARAL;Schleswiger Damm;173;22457;Hamburg;53.64182;9.916311
852;Michael Puttins;NORDOEL;Hauptstr.;40;21755;Hechthausen;53.64152;9.236627
853;Hechthausen, Hauptstr. 17;HEM;Hauptstr.;17;21755;Hechthausen;53.64062;9.240054
854;star Tankstelle;STAR;Sitzkrüger Moor;1;23879;Mölln;53.64031;10.69533
855;OIL! Tankstelle Hamburg;OIL!;Rolfinckstraße 48;;22391;Hamburg;53.6393;10.0892
856;Grönwohld, Poststr. 21;HEM;Poststr.;21;22956;Grönwohld;53.639275;10.409563
857;TOTAL SCHWERIN;TOTAL;OBOTRITENRING;19 A;19053;SCHWERIN;53.6389;11.404999
858;TOTAL RELLINGEN;TOTAL;HERMANN-LOENS-WEG;1;25462;RELLINGEN;53.63889;9.893056
859;Aral Tankstelle;ARAL;Langenhorner Chaussee;53-;22335;Hamburg;53.638752;10.0133724
860;ELAN Esens;ELAN;BAHNHOFSTR.;32-36;26427;ESENS;53.638527;7.612605
861;Esso Tankstelle;ESSO;LANGENHORNER CHAUSSEE 38; ;22335;HAMBURG;53.637398;10.015115
862;Aral Tankstelle;ARAL;Hummelsbuettler Hauptstr.;"";22339;Hamburg;53.63721;10.0347986
863;Torgelow, Eggesiner Str. 9e;HEM;Eggesiner Str.;9e;17358;Torgelow;53.63714;14.029884
864;AGRAVIS Ems-Jade GmbH;Raiffeisen;Tettenser Str.;2;26434;Wangerland Oldorf;53.6368;7.92239
865;JET HAMBURG SASELER CHAUSSEE 24;JET;SASELER CHAUSSEE 24;;22391;HAMBURG;53.6356;10.0925
866;Esens;SCORE;Auricher Straße;6;26427;Esens;53.635492;7.612885
867;HAMBURG, PAUL-SORGE-STR.;Shell;PAUL-SORGE-STR. 150;"";22455;HAMBURG;53.635033;9.952793
868;AGRAVIS Ems-Jade GmbH;Raiffeisen;Raiffeisenstraße;12;26427;Esens;53.6347;7.62267
869;team Tankautomat Torgelow;team;Ukranenstr.;20;17358;Torgelow;53.6341;14.0293
870;TS D.Mettjes Hooksie;Heinrich Albers OHG;Bäderstr.;1;26434;Hooksiel;53.633923;8.016114
871;Aral Tankstelle;ARAL;Pinneberger Straße;1-3;22457;Hamburg;53.63288;9.910497
872;HALSTENBEK, HARTKIRCHENER CH.;Shell;HARTKIRCHENER CH. 8;"";25469;Halstenbek;53.631915;9.837908
873;Hamburg, Ringstr. 2.;SB;Ringstr. 2;"";22145;Hamburg;53.630053;10.147118
874;TOTAL TORGELOW;TOTAL;LINDENSTR.;09-10;17358;TORGELOW;53.629997;13.998189
875;Raiffeisen Weser-Elbe eG;Raiffeisen;Raiffeisenstr.;10;27624;Geestland (Bad Bederkesa);53.6297;8.82191
876;Automobile Reinhold Möller GmbH;NORDOEL;Meiendorfer Str.;168;22145;Hamburg;53.62969;10.18086
877;star Tankstelle;STAR;Obotritenring;168;19053;Schwerin;53.6285;11.39805
878;Aral Tankstelle;ARAL;Vor dem Wittenburger Tor;"";19057;Schwerin;53.62849;11.38979
879;star Tankstelle;STAR;Drangstedter Straße;5;27624;Geestland OT Bederkesa;53.62827;8.83031
880;Esso Tankstelle;ESSO;BREMERVOERDER STR. 38; ;21769;LAMSTEDT;53.628226;9.090175
881;star Tankstelle;STAR;Berner Heerweg;407;22159;Hamburg;53.62756;10.13932
882;Aral Tankstelle;ARAL;Drangstedter Straße;46;27624;GEESTLAND;53.6264153;8.824384
883;star Tankstelle;STAR;Holsteiner Chaussee;182 - 184;22457;Hamburg;53.62482;9.909542
884;Raiffeisen Mölln GmbH & Co. KG;Raiffeisen;Hafenstraße;4;23879;Mölln;53.6247;10.6806
885;Esso Tankstelle;ESSO;FASANENWEG 24; ;22145;HAMBURG;53.624345;10.145447
886;Esso Tankstelle;ESSO;PEZOLDDAMM 136; ;22159;HAMBURG;53.623303;10.111673
887;Stader Saatzucht eG;Raiffeisen;Bahnhofallee;2;27607;Debstedt-Geestland;53.6224;8.64313
888;TOTAL RELLINGEN;TOTAL;ALTONAER STR.;377;25462;RELLINGEN;53.622227;9.884988
889;HAMBURG, BRAMFELDER CHAUSSEE.;Shell;BRAMFELDER CHAUSSEE 370;"";22175;HAMBURG;53.621942;10.083737
890;HAMBURG, WEG BEIM JÄGER 193.;Shell;WEG BEIM JÄGER 193;"";22335;HAMBURG;53.621908;9.999303
891;Peter Müller;LOTHEROL;Bundesstr.;7;23881;Alt Mölln;53.62164;10.66207
892;Esso Tankstelle;ESSO;MEIENDORFER STR. 81; ;22145;HAMBURG;53.621371;10.163694
893;HAMBURG, ALSTERKRUGCHAUSSEE;Shell;ALSTERKRUGCHAUSSEE 431;"";22335;HAMBURG;53.6211;10.0101
894;Supermarkt-Tankstelle HAMBURG BARGKOPPELWEG 50;Supermarkt-Tankstelle;BARGKOPPELWEG 50;;22145;HAMBURG;53.6207;10.1527
895;AVIA Tankstelle;AVIA;Werdumer Straße ;25;26409;Wittmund-Buttforde;53.620396;7.725064
896;MOELLN, VORKAMP 19.;Shell;VORKAMP 19;"";23879;MÖLLN;53.6201;10.6769
897;Tankcenter MOELLN;Tankcenter;EICHHOLZBERG;2;23879;MOELLN;53.61952;10.679132
898;JOM-GbR - SB-Station;"";Maienweg ;139;22297;Hamburg;53.61689376831;10.014874458313
899;Esso Tankstelle;ESSO;WEDELER STR. 8; ;25488;HOLM;53.616193;9.675329
900;Aral Tankstelle;ARAL;Kollaustraße;200;22453;Hamburg;53.61555;9.951808
901;Nordoel-Tankstelle Herr Wächter;NORDOEL;Grossenseer Straße ;7;22946;Trittau;53.61536;10.3997965
902;Aral Tankstelle;ARAL;Wasserkrüger Weg;131;23879;Mölln;53.6149673;10.6911392
903;star Tankstelle;STAR;Pinneberger Chaussee;74;22523;Hamburg;53.61486;9.89334
904;Aral Tankstelle;ARAL;Holsteiner Chaussee;55;22523;Hamburg;53.61471;9.906061
905;Tankshop Norddeich GmbH;Heinrich Albers OHG;Norddeicher Str.;244;26506;Norden / Norddeich;53.61389;7.16636
906;star Tankstelle;STAR;Kollaustr.;170-172;22453;Hamburg;53.61321;9.95298
907;Hamburg, Kollaustr. 179-181;HEM;Kollaustr.;179-181;22453;Hamburg;53.612682;9.952802
908;Esso Tankstelle;ESSO;AM PUESSERKRUG 2; ;19061;SCHWERIN;53.612439;11.417201
909;Esso Tankstelle;ESSO;FREIBURGER STR. 83; ;21682;STADE;53.61218;9.481591
910;Hammah;Hoyer;Bahnhofstr.;2;21714;Hammah;53.611401;9.36782
911;Johann Liebermann;bft;Westerender Straße;29;26532;Großheide;53.611135;7.359533
912;OIL! Tankstelle Schenefeld;OIL!;Lornsenstr. 142;;22869;Schenefeld;53.6106;9.84013
913;star Tankstelle;STAR;Freiburger Straße;60;21682;Stade;53.61057;9.47785
914;Hubert Fuhr;Freie Tankstelle Fuhr;Freiburger Str.;54;21682;Stade;53.610218;9.476335
915;Aral Tankstelle;ARAL;Hauptstraße;1;21709;Himmelpforten;53.61004;9.313823
916;Esso Tankstelle;ESSO;BUNDESSTR. 9; ;23881;BREITENFELDE;53.609147;10.635618
917;star Tankstelle;STAR;Höhenkamp;3;22145;Braak;53.60898;10.24144
918;René Mrosek;HIT;Am Fasanenhof;5;19061;Schwerin;53.60897;11.36787
919;HAMBURG, STEILSHOOPER ALLEE.;Shell;STEILSHOOPER ALLEE 55;"";22309;HAMBURG;53.608907;10.051755
920;Hamburg, Alter Zollweg 132;SB;Alter Zollweg 132;"";22147;Hamburg;53.60856;10.137783
921;Aral Tankstelle;ARAL;Sieker Landstraße;128;22143;Hamburg;53.6085472;10.1907139
922;TS Ochtersum;Freie Tankstelle Rolfes;Esenser Straße;110;26489;Ochtersum;53.608513;7.512173
923;CleanCar AG;CleanCar AG;Steilshooper Allee;5;22309;Hamburg;53.6085;10.04557
924;JET HAMBURG STEILSHOOPER ALLEE 9;JET;STEILSHOOPER ALLEE 9;;22309;HAMBURG;53.608476;10.04669
925;JET HAMBURG STEILSHOOPER ALLEE 44;JET;STEILSHOOPER ALLEE 44;;22309;HAMBURG;53.6082;10.056
926;Tankcenter HAMBURG;Tankcenter;BORSTELER CHAUSSEE;95;22453;HAMBURG;53.606018;9.980404
927;Esso Tankstelle;ESSO;RAHLSTEDTER STR. 211-213; ;22143;HAMBURG;53.6056093;10.16440834
928;OIL! Tankstelle Trittau;OIL!;Möllner Str. 1;;22946;Trittau;53.6054;10.4152
929;Esso Tankstelle;ESSO;HAUPTSTR. 8; ;22145;STAPELFELD;53.605264;10.214109
930;Aral Tankstelle;ARAL;Bargteheider Straße;100;22143;Hamburg;53.60447;10.1478262
931;T SCHWERIN;T;AN DER CRIVITZER CHAUSSEE;12;19061;SCHWERIN;53.604443;11.437778
932;HAMBURG, KOLLAUSTR.;Shell;KOLLAUSTR. 39;"";22529;HAMBURG;53.6029;9.96154
933;JET HAMBURG DEELBOEGE 21;JET;DEELBOEGE 21;;22297;HAMBURG;53.6026;9.9891
934;de Vries;FELTA;Landstr.;45;26524;Lütetsburg;53.6023;7.27143
935;Hage;SCORE;Hauptstr.;103;26524;Hage;53.602283;7.27372
936;Stader Saatzucht eG;Raiffeisen;Bremervörder Straße;49a;21682;Stade;53.6022;9.4567
937;team Tankstelle Stade;team;Altländer Str.;29;21680;Stade;53.6021;9.48898
938;star Tankstelle;STAR;Bargteheider Str.;67;22143;Hamburg;53.601967;10.144447
939;star Tankstelle;STAR;Hamburger Straße;48;22946;Trittau;53.60162;10.40694
940;AGRAVIS Ems-Jade GmbH;Raiffeisen;Krumme Sieben;1;26524;Hage;53.6016;7.28556
941;Esso Tankstelle;ESSO;UEBERSEERING 1; ;22297;HAMBURG;53.60126;10.024281
942;TOTAL SCHWERIN;TOTAL;GRABENSTR.;22;19061;SCHWERIN;53.601223;11.391104
943;Hamburg, Oddernskamp 14;bft;Oddernskamp 14;"";22529;Hamburg;53.6009;9.95157
944;Aral Tankstelle;ARAL;An der Crivitzer Chaussee;61;19063;Schwerin;53.60032;11.4650764
945;Kattners Freie Tankstelle;Kattner's Freie Tankstelle GmbH;Altonaer Chaussee;86;22869;Schenefeld;53.600095;9.841893
946;Aral Tankstelle;ARAL;Norddeicher Straße;31-32;26506;Norden;53.60001;7.192554
947;Aral Tankstelle;ARAL;Kieler Straße;560;22525;Hamburg;53.59994;9.917373
948;OIL! tank & go Automatentankstelle Hamburg/Bramfeld;OIL!;Haldesdorfer St. 96-98;;22179;Hamburg/Bramfeld;53.5997;10.0783
949;Armstorf;Hoyer;Hauptstr.;1;21769;Armstorf;53.599098;9.07889
950;star Tankstelle;STAR;Altonaer Chaussee;57;22869;Schenefeld;53.59907;9.84711
951;star Tankstelle;STAR;Altonaer Chaussee;20;22869;Schenefeld;53.59866;9.85153
952;Aral Tankstelle;ARAL;Osterfeldstraße;30;22529;Hamburg;53.5983925;9.97447
953;JET HAMBURG OSTERFELDSTR. 39;JET;OSTERFELDSTR. 39;;22529;HAMBURG;53.59801;9.97226
954;Aral Tankstelle;ARAL;Am grünen Tal;"";19063;Schwerin;53.59798;11.43837
955;Aral Tankstelle;ARAL;Rahlstedter Straße;87;22149;Hamburg;53.5977364;10.1529236
956;Aral Tankstelle;ARAL;Bramfelder Chaussee;66;22177;Hamburg;53.5972061;10.0647011
957;Esso Tankstelle;ESSO;FABRICIUSSTR. 46; ;22177;HAMBURG;53.596865;10.06054
958;ABG Autohof;;Grauwallring;14;27580;Bremerhaven;53.595844;8.567314
959;STADE, BREMERVOERDER STR;Shell;BREMERVÖRDER STR. 150;"";21682;STADE;53.595532;9.43786
960;STADE, DROSSELSTIEG;Shell;DROSSELSTIEG 77;"";21682;STADE;53.595459;9.418523
961;STADE, DROSSELSTIEG;Supermarkt C&C;DROSSELSTIEG 77;"";21682;STADE;53.595459;9.418523
962;OIL! Tankstelle Lehmrade;OIL!;Möllner Str. 3;;23883;Lehmrade;53.5948;10.7512
963;BREMERHAVEN, LANGENER LANDSTR.;Shell;LANGENER LANDSTR. 314;"";27578;Bremerhaven;53.594213;8.598647
964;SCHWERIN, HAMBURGER ALLEE 135;Shell;HAMBURGER ALLEE 135;"";19063;Schwerin;53.59381;11.46551
965;JET STADE AM STEINKAMP;JET;AM STEINKAMP;;21684;STADE;53.5938;9.42289
966;OIL! Tankstelle Stade;OIL!;Harburger Str. 18;;21680;Stade;53.5937;9.47742
967;TS Hugen Großheide;Heinrich Albers OHG;Großheider Straße;21;26532;Grossheide;53.59353;7.34114
968;Esso Tankstelle;ESSO;KOPPELSTR. 30; ;22527;HAMBURG;53.593255;9.93891
969;star Tankstelle;STAR;Farnhornweg;46a;22547;Hamburg;53.59322;9.89053
970;Hamburg, Rahlstedter Str. 22;HEM;Rahlstedter Str.;22;22149;Hamburg;53.592953;10.141775
971;Methner & Reemtsma GbR;Westfalen;Hauptstr.;58;26388;Wilhelmshaven;53.59279;8.04523
972;Aral Tankstelle;ARAL;Habichtstraße;72-78;22305;Hamburg;53.592308;10.0549164
973;HAMBURG, VOLKSPARKSTR.;Shell;VOLKSPARKSTR. 44-46;"";22525;HAMBURG;53.5917;9.92193
974;Bremerhaven;Hoyer;Senator-Borttscheller-Str.;18;27572;Bremerhaven;53.591599;8.53775
975;Aral Tankstelle;ARAL;Habichtstraße;39;22305;Hamburg;53.59096;10.0565176
976;Herbert Vollmers;Tankpoint;Siebenhöfen 20a;20a;21723;Hollern-Twielenfleth;53.59095;9.568151
977;Aral Tankstelle;ARAL;Graf-York-Straße;23;19061;Schwerin;53.5908356;11.4306412
978;Esso Tankstelle;ESSO;BARMBEKER STR. 86; ;22303;HAMBURG;53.590473;10.012245
979;Hanna Harms;Westfalen;Nordener Str.;5;26556;Westerholt;53.58989;7.45568
980;HMH Autoreparatur GmbH Pink-Tank;Pink-Tank;Vizelinstr.;64;22529;Hamburg;53.58974;9.94788
981;HAMBURG, FRIEDRICH-EBERT-DAMM;Shell;FRIEDRICH-EBERT-DAMM 171;"";22047;HAMBURG;53.589458;10.100016
982;bft Tankstelle;bft;Pampower Straße;5;19061;Schwerin;53.5892;11.4028
983;LKT-Tankstelle Crivitz;LKT;Brüeler Straße;27;19089;Crivitz;53.589009;11.650919
984;Hamburg Friedrich Ebert Damm;Mr. Wash Autoservice AG;Friedrich-Ebert-Damm;170;22047;Hamburg;53.5889;10.10153
985;Hamburg, Kieler Str. 361-365;HEM;Kieler Str.;361-365;22525;Hamburg;53.58875;9.930771
986;Manfred Bruns;Freie;Blombergerstr.;40;26487;Blomberg;53.58843;7.56512
987;TOTAL HAMBURG;TOTAL;BRAMFELDER STRASSE;86 A;22305;HAMBURG;53.58793;10.052757
988;HAMBURG, TONNDORFER HAUPTSTR.;Shell;TONNDORFER HAUPTSTR. 110;"";22045;HAMBURG;53.5879;10.1299
989;Aral Tankstelle;ARAL;Hans-Böckler-Straße;35;27578;Bremerhaven;53.5877037;8.6126
990;Stader Saatzucht eG;Raiffeisen;Wilhelm-Schröder-Straße;13;21726;Oldendorf;53.5876;9.25103
991;TOTAL BREMERHAVEN;TOTAL;LANGENER LANDSTR.;245-247;27578;BREMERHAVEN;53.5875;8.5975
992;JET HAMBURG RUGENBARG 266-268;JET;RUGENBARG 266-268;;22549;HAMBURG;53.5873;9.87457
993;Hamburg, Luruper Hauptstr. 70;HEM;Luruper Hauptstr.;70;22547;Hamburg;53.586235;9.878846
994;Schwerin, Schweriner Str. 3c;HEM;Schweriner Str.;3c;19061;Schwerin;53.585888;11.400054
995;Aral Tankstelle;ARAL;Kieler Straße;314;22525;Hamburg;53.58586;9.933305
996;TS Kowe Norden;Heinrich Albers OHG;Bahnhofstr.;29 a;26506;Norden;53.58565;7.22169
997;ELAN GOLDBERG;ELAN;WERDERSTR.;55;19399;GOLDBERG;53.585598;12.099999
998;Neubrandenburg, Demminer Str. 80;HEM;Demminer Str.;80;17034;Neubrandenburg;53.585518;13.271152
999;TS Minits Wittmund;Heinrich Albers OHG;Esenser Str.;58;26409;Wittmund;53.585058;7.769791
